q_rbc_small_id,章,大項目,中項目,小項目,表示順,有効,master,過去10年すべて,過去10年すべて同RBCrank,過去10年必修,過去10年必修同RBCrank,過去10年一般,過去10年一般同RBCrank,0,過去10年状況同RBCrank,過去10年70%以上,過去10年70%以上同RBCrank
1,医,解剖生理学,細胞,細胞総論,1,1,1,0,32,0,25,0,22,,7,0,29
2,医,解剖生理学,細胞,細胞膜／細胞質,2,1,1,0,32,0,25,0,22,0,7,0,29
3,医,解剖生理学,細胞,細胞小器官,3,1,1,0,32,0,25,0,22,0,7,0,29
4,医,解剖生理学,細胞,核,4,1,1,0,32,0,25,0,22,0,7,0,29
5,医,解剖生理学,DNAとタンパク質合成,DNA,5,1,1,0,32,0,25,0,22,0,7,0,29
6,医,解剖生理学,DNAとタンパク質合成,タンパク質合成,6,1,1,0,32,0,25,0,22,0,7,0,29
7,医,解剖生理学,組織の解剖生理,上皮組織,7,1,1,1,22,0,25,1,12,0,7,0,29
8,医,解剖生理学,組織の解剖生理,支持組織,8,1,1,0,32,0,25,0,22,0,7,0,29
9,医,解剖生理学,組織の解剖生理,筋組織,9,1,1,1,22,1,12,0,22,0,7,1,19
10,医,解剖生理学,組織の解剖生理,神経組織,10,1,1,4,8,1,12,3,3,0,7,2,9
11,医,解剖生理学,生命活動,エネルギー代謝,11,1,1,1,22,0,25,1,12,0,7,0,29
12,医,解剖生理学,生命活動,恒常性（ホメオスタシス）,12,1,1,1,22,0,25,1,12,0,7,1,19
13,医,解剖生理学,生命活動,体温調節,13,1,1,5,3,1,12,4,1,0,7,3,5
14,医,解剖生理学,生命活動,体液と浸透圧,14,1,1,4,8,2,2,2,7,0,7,3,5
15,医,解剖生理学,生命活動,酸塩基平衡,15,1,1,5,3,1,12,4,1,0,7,2,9
16,医,解剖生理学,生命活動,サーカディアンリズムと睡眠,16,1,1,3,11,0,25,3,3,0,7,2,9
17,医,解剖生理学,生命活動,人間の死,17,1,1,2,16,2,2,0,22,0,7,2,9
18,医,病態生理学,細胞の病態生理,細胞の障害と適応,18,1,1,0,32,0,25,0,22,0,7,0,29
19,医,病態生理学,細胞の病態生理,細胞の死,19,1,1,1,22,0,25,1,12,0,7,1,19
20,医,病態生理学,基本的な病変・病態,循環障害,20,1,1,0,32,0,25,0,22,0,7,0,29
21,医,病態生理学,基本的な病変・病態,浮腫,21,1,1,3,11,2,2,0,22,1,3,2,9
22,医,病態生理学,基本的な病変・病態,炎症,22,1,1,5,3,2,2,3,3,0,7,4,3
23,医,病態生理学,基本的な病変・病態,脱水,23,1,1,3,11,0,25,2,7,1,3,1,19
24,医,病態生理学,基本的な病変・病態,腫瘍,24,1,1,3,11,1,12,2,7,0,7,1,19
25,医,薬理学,薬理総論,薬物動態,25,1,1,5,3,4,1,1,12,0,7,4,3
26,医,薬理学,薬理総論,薬物の有害事象,26,1,1,2,16,1,12,1,12,0,7,2,9
27,医,薬理学,薬理総論,薬物相互作用,27,1,1,4,8,2,2,2,7,0,7,2,9
28,医,薬理学,薬物の作用と副作用,抗菌薬,28,1,1,1,22,1,12,0,22,0,7,1,19
29,医,薬理学,薬物の作用と副作用,抗真菌薬,29,1,1,0,32,0,25,0,22,0,7,0,29
30,医,薬理学,薬物の作用と副作用,抗ウイルス薬,30,1,1,0,32,0,25,0,22,0,7,0,29
31,医,薬理学,薬物の作用と副作用,抗がん薬,31,1,1,5,3,2,2,2,7,1,3,3,5
32,医,薬理学,薬物の作用と副作用,自律神経作用薬,32,1,1,1,22,1,12,0,22,0,7,1,19
33,医,薬理学,薬物の作用と副作用,強心薬,33,1,1,2,16,1,12,0,22,1,3,2,9
34,医,薬理学,薬物の作用と副作用,抗不整脈薬,34,1,1,0,32,0,25,0,22,0,7,0,29
35,医,薬理学,薬物の作用と副作用,狭心症治療薬,35,1,1,2,16,1,12,1,12,0,7,1,19
36,医,薬理学,薬物の作用と副作用,降圧薬,36,1,1,1,22,1,12,0,22,0,7,1,19
37,医,薬理学,薬物の作用と副作用,利尿薬,37,1,1,1,22,1,12,0,22,0,7,0,29
38,医,薬理学,薬物の作用と副作用,抗血栓薬,38,1,1,3,11,2,2,1,12,0,7,3,5
39,医,薬理学,薬物の作用と副作用,副腎皮質ステロイド薬,39,1,1,6,2,2,2,1,12,3,2,5,2
40,医,薬理学,薬物の作用と副作用,糖尿病治療薬,40,1,1,1,22,0,25,1,12,0,7,1,19
41,医,薬理学,薬物の作用と副作用,精神疾患治療薬,41,1,1,8,1,1,12,3,3,4,1,7,1
42,医,薬理学,薬物の作用と副作用,オピオイド（麻薬性鎮痛薬）,42,1,1,2,16,2,2,0,22,0,7,2,9
43,医,薬理学,薬物の作用と副作用,非ステロイド性抗炎症薬（NSAIDs）,43,1,1,2,16,2,2,0,22,0,7,2,9
44,医,薬理学,薬物の作用と副作用,呼吸器系の薬物,44,1,1,0,32,0,25,0,22,0,7,0,29
45,基,看護の基本となる概念,看護の本質,看護の目的と機能,45,1,2,2,44,1,31,1,42,0,20,1,48
46,基,看護の基本となる概念,看護の本質,看護理論,46,1,2,1,56,0,48,1,42,0,20,0,60
47,基,看護の基本となる概念,看護の対象の理解,全人的な理解,47,1,2,1,56,0,48,1,42,0,20,0,60
48,基,看護の基本となる概念,看護の対象の理解,QOL,48,1,2,1,56,1,31,0,58,0,20,1,48
49,基,看護の基本となる概念,看護の対象の理解,マズローの欲求段階説,49,1,2,6,20,5,5,1,42,0,20,6,16
50,基,看護の基本となる概念,看護倫理,医の倫理／看護の倫理,50,1,2,7,17,4,10,2,25,1,9,6,16
1087,基,看護の基本となる概念,看護倫理,患者の権利と擁護,51,1,2,2,44,1,31,1,42,0,20,1,48
51,基,看護の基本となる概念,看護倫理,インフォームド・コンセント,52,1,2,4,28,1,31,3,15,0,20,4,24
52,基,看護の展開,根拠に基づいた実践,EBN,53,1,2,1,56,0,48,1,42,0,20,1,48
53,基,看護の展開,チームアプローチ,多職種間の連携・協働,54,1,2,4,28,2,20,1,42,1,9,3,35
54,基,共通基本技術,コミュニケーション,コミュニケーション,55,1,2,6,20,1,31,1,42,4,1,6,16
55,基,共通基本技術,看護過程,看護過程,56,1,2,14,1,4,10,9,1,1,9,14,1
56,基,共通基本技術,看護過程,看護記録,57,1,2,2,44,0,48,2,25,0,20,1,48
57,基,共通基本技術,看護過程,クリニカルパス,58,1,2,2,44,0,48,2,25,0,20,2,41
58,基,共通基本技術,学習支援,学習支援総論,59,1,2,3,39,0,48,3,15,0,20,3,35
59,基,共通基本技術,観察／バイタルサイン測定,意識,60,1,2,0,64,0,48,0,58,0,20,0,60
60,基,共通基本技術,観察／バイタルサイン測定,呼吸,61,1,2,0,64,0,48,0,58,0,20,0,60
61,基,共通基本技術,観察／バイタルサイン測定,脈拍,62,1,2,4,28,1,31,3,15,0,20,4,24
62,基,共通基本技術,観察／バイタルサイン測定,体温,63,1,2,3,39,1,31,2,25,0,20,3,35
63,基,共通基本技術,観察／バイタルサイン測定,血圧,64,1,2,3,39,1,31,2,25,0,20,1,48
64,基,共通基本技術,観察／バイタルサイン測定,フィジカルアセスメント,65,1,2,9,9,4,10,4,10,1,9,8,4
65,基,共通基本技術,感染予防の技術,感染予防の原則,66,1,2,8,12,5,5,1,42,2,6,7,9
66,基,共通基本技術,感染予防の技術,感染経路別予防策,67,1,2,6,20,2,20,3,15,1,9,4,24
67,基,共通基本技術,感染予防の技術,消毒／滅菌,68,1,2,7,17,2,20,5,9,0,20,4,24
68,基,共通基本技術,感染予防の技術,無菌操作,69,1,2,2,44,1,31,1,42,0,20,2,41
69,基,共通基本技術,感染予防の技術,感染性廃棄物の取り扱い,70,1,2,4,28,2,20,2,25,0,20,4,24
70,基,共通基本技術,感染予防の技術,針刺し事故,71,1,2,2,44,0,48,2,25,0,20,1,48
71,基,基本的日常生活援助技術,環境の調整,環境調整,72,1,2,13,2,6,1,3,15,4,1,12,2
72,基,基本的日常生活援助技術,食生活の援助,栄養状態のアセスメントと援助,73,1,2,3,39,0,48,2,25,1,9,3,35
73,基,基本的日常生活援助技術,食生活の援助,日本人の食事摂取基準,74,1,2,3,39,1,31,2,25,0,20,0,60
74,基,基本的日常生活援助技術,食生活の援助,食事介助,75,1,2,13,2,6,1,4,10,3,5,11,3
75,基,基本的日常生活援助技術,食生活の援助,経腸栄養法（経鼻経管／胃瘻・腸瘻）,76,1,2,10,7,5,5,3,15,2,6,8,4
76,基,基本的日常生活援助技術,食生活の援助,中心静脈栄養法,77,1,2,2,44,0,48,2,25,0,20,2,41
77,基,基本的日常生活援助技術,排泄の援助,排泄物の観察,78,1,2,0,64,0,48,0,58,0,20,0,60
79,基,基本的日常生活援助技術,排泄の援助,排泄援助,79,1,2,5,26,1,31,4,10,0,20,5,22
80,基,基本的日常生活援助技術,排泄の援助,導尿,80,1,2,10,7,3,16,6,4,1,9,7,9
81,基,基本的日常生活援助技術,排泄の援助,浣腸,81,1,2,4,28,4,10,0,58,0,20,4,24
82,基,基本的日常生活援助技術,活動・休息の援助,ADL,82,1,2,6,20,0,48,6,4,0,20,3,35
83,基,基本的日常生活援助技術,活動・休息の援助,基本的な体位,83,1,2,9,9,2,20,6,4,1,9,7,9
84,基,基本的日常生活援助技術,活動・休息の援助,体位変換,84,1,2,0,64,0,48,0,58,0,20,0,60
85,基,基本的日常生活援助技術,活動・休息の援助,ボディメカニクス,85,1,2,4,28,2,20,2,25,0,20,3,35
86,基,基本的日常生活援助技術,活動・休息の援助,患者の移動・移送,86,1,2,12,4,2,20,6,4,4,1,7,9
87,基,基本的日常生活援助技術,活動・休息の援助,睡眠の援助,87,1,2,6,20,0,48,2,25,4,1,6,16
89,基,基本的日常生活援助技術,清潔・衣生活の援助,入浴,88,1,2,8,12,4,10,3,15,1,9,8,4
90,基,基本的日常生活援助技術,清潔・衣生活の援助,全身清拭,89,1,2,2,44,2,20,0,58,0,20,2,41
643,基,基本的日常生活援助技術,清潔・衣生活の援助,口腔ケア,90,1,2,5,26,1,31,3,15,1,9,4,24
91,基,基本的日常生活援助技術,清潔・衣生活の援助,陰部洗浄,91,1,2,1,56,1,31,0,58,0,20,1,48
92,基,基本的日常生活援助技術,清潔・衣生活の援助,洗髪,92,1,2,2,44,2,20,0,58,0,20,2,41
93,基,基本的日常生活援助技術,清潔・衣生活の援助,爪ケア,93,1,2,0,64,0,48,0,58,0,20,0,60
94,基,基本的日常生活援助技術,清潔・衣生活の援助,寝衣,94,1,2,4,28,3,16,1,42,0,20,4,24
95,基,診察・治療に伴う技術,呼吸・循環の調整,酸素療法,95,1,2,6,20,3,16,3,15,0,20,6,16
96,基,診察・治療に伴う技術,呼吸・循環の調整,吸引,96,1,2,8,12,6,1,2,25,0,20,8,4
97,基,診察・治療に伴う技術,呼吸・循環の調整,吸入,97,1,2,0,64,0,48,0,58,0,20,0,60
98,基,診察・治療に伴う技術,呼吸・循環の調整,罨法,98,1,2,4,28,3,16,1,42,0,20,4,24
99,基,診察・治療に伴う技術,創傷管理,創傷の治癒過程／創傷管理,99,1,2,9,9,2,20,7,3,0,20,5,22
100,基,診察・治療に伴う技術,創傷管理,褥瘡,100,1,2,11,5,5,5,4,10,2,6,8,4
101,基,診察・治療に伴う技術,創傷管理,包帯法,101,1,2,4,28,2,20,2,25,0,20,1,48
102,基,診察・治療に伴う技術,創傷管理,止血法,102,1,2,4,28,1,31,3,15,0,20,4,24
103,基,診察・治療に伴う技術,与薬,与薬方法,103,1,2,1,56,1,31,0,58,0,20,1,48
105,基,診察・治療に伴う技術,与薬,経口与薬,104,1,2,1,56,0,48,1,42,0,20,1,48
106,基,診察・治療に伴う技術,与薬,注射（皮内・皮下・筋肉内・静脈内）,105,1,2,7,17,5,5,2,25,0,20,7,9
107,基,診察・治療に伴う技術,与薬,輸液,106,1,2,11,5,4,10,6,4,1,9,7,9
108,基,診察・治療に伴う技術,検体検査,検体検査総論,107,1,2,0,64,0,48,0,58,0,20,0,60
109,基,診察・治療に伴う技術,検体検査,採血,108,1,2,8,12,6,1,2,25,0,20,7,9
110,基,診察・治療に伴う技術,検体検査,血糖測定,109,1,2,2,44,1,31,1,42,0,20,2,41
111,基,診察・治療に伴う技術,生体検査,生体検査総論,110,1,2,8,12,0,48,8,2,0,20,6,16
113,基,診察・治療に伴う技術,生体検査,動脈血酸素飽和度,111,1,2,4,28,0,48,4,10,0,20,4,24
114,基,診察・治療に伴う技術,診察・検査・処置の介助,診察・検査時の看護師の役割,112,1,2,0,64,0,48,0,58,0,20,0,60
115,基,診察・治療に伴う技術,診察・検査・処置の介助,穿刺法,113,1,2,2,44,0,48,2,25,0,20,0,60
116,基,診察・治療に伴う技術,診察・検査・処置の介助,中心静脈カテーテル,114,1,2,2,44,1,31,1,42,0,20,2,41
117,基,診察・治療に伴う技術,診察・検査・処置の介助,胃洗浄,115,1,2,1,56,0,48,1,42,0,20,1,48
118,成,成人の健康と生活,成人の特徴と生活,成人の特徴,116,1,3,4,15,2,5,2,11,0,20,4,11
119,成,成人の健康と生活,成人の特徴と生活,ライフサイクルにおける発達と危機,117,1,3,12,1,7,1,5,3,0,20,10,2
120,成,成人の健康と生活,成人の特徴と生活,家族形態と機能,118,1,3,3,19,2,5,1,20,0,20,1,24
122,成,成人の健康と生活,成人における健康の保持・増進と疾病の予防,予防医学,119,1,3,6,10,3,3,3,8,0,20,5,8
123,成,成人の健康と生活,成人における健康の保持・増進と疾病の予防,疾病の発生要因,120,1,3,1,29,0,17,1,20,0,20,1,24
124,成,成人の健康と生活,生活習慣に関連する健康問題,生活習慣病,121,1,3,4,15,2,5,2,11,0,20,3,14
125,成,成人の健康と生活,職業に関連する健康問題,業務上疾病総論,122,1,3,1,29,1,9,0,34,0,20,1,24
126,成,成人の健康と生活,職業に関連する健康問題,じん肺と石綿（アスベスト）,123,1,3,1,29,1,9,0,34,0,20,1,24
127,成,成人の健康と生活,職業に関連する健康問題,情報機器作業による健康問題,124,1,3,1,29,1,9,0,34,0,20,1,24
129,成,成人の健康と生活,職業に関連する健康問題,その他の業務上疾病,125,1,3,2,22,0,17,2,11,0,20,1,24
130,成,急性・重症患者の看護,救急救命,救急救命時の看護,126,1,3,7,5,1,9,2,11,4,1,5,8
131,成,急性・重症患者の看護,救急救命,心肺蘇生法,127,1,3,12,1,7,1,5,3,0,20,11,1
132,成,急性・重症患者の看護,救急救命,気管挿管,128,1,3,1,29,0,17,1,20,0,20,1,24
133,成,急性・重症患者の看護,ショック,ショック総論,129,1,3,2,22,0,17,1,20,1,13,2,16
134,成,急性・重症患者の看護,ショック,循環血液量減少性ショック,130,1,3,1,29,0,17,0,34,1,13,1,24
135,成,急性・重症患者の看護,ショック,心原性ショック,131,1,3,1,29,0,17,1,20,0,20,1,24
136,成,急性・重症患者の看護,ショック,敗血症性ショック,132,1,3,2,22,1,9,1,20,0,20,1,24
137,成,急性・重症患者の看護,ショック,アナフィラキシーショック,133,1,3,3,19,1,9,1,20,1,13,3,14
138,成,急性・重症患者の看護,ショック,多臓器障害,134,1,3,0,42,0,17,0,34,0,20,0,39
140,成,急性・重症患者の看護,中毒,中毒,135,1,3,0,42,0,17,0,34,0,20,0,39
142,成,急性・重症患者の看護,その他の異物・外傷・主要病態,気道の異物,136,1,3,1,29,1,9,0,34,0,20,1,24
143,成,急性・重症患者の看護,その他の異物・外傷・主要病態,食道の異物,137,1,3,1,29,0,17,1,20,0,20,0,39
145,成,急性・重症患者の看護,その他の異物・外傷・主要病態,胸部外傷,138,1,3,1,29,0,17,0,34,1,13,1,24
146,成,急性・重症患者の看護,その他の異物・外傷・主要病態,圧挫症候群（挫滅症候群，クラッシュ症候群）,139,1,3,2,22,0,17,1,20,1,13,2,16
147,成,急性・重症患者の看護,その他の異物・外傷・主要病態,熱傷,140,1,3,0,42,0,17,0,34,0,20,0,39
148,成,急性・重症患者の看護,その他の異物・外傷・主要病態,熱中症,141,1,3,5,12,0,17,2,11,3,5,2,16
151,成,周術期の看護,周術期の看護,術前患者の看護,142,1,3,2,22,0,17,2,11,0,20,2,16
152,成,周術期の看護,周術期の看護,術中患者の看護,143,1,3,4,15,0,17,4,5,0,20,1,24
153,成,周術期の看護,周術期の看護,術後患者の看護,144,1,3,8,3,0,17,6,2,2,8,6,4
154,成,周術期の看護,周術期の看護,ドレナージ,145,1,3,3,19,0,17,1,20,2,8,2,16
155,成,周術期の看護,周術期にみられる病態,悪性高熱症,146,1,3,1,29,0,17,1,20,0,20,0,39
156,成,周術期の看護,周術期にみられる病態,術後せん妄,147,1,3,1,29,0,17,0,34,1,13,0,39
159,成,疾患・障害への適応と社会復帰への看護,慢性疾患看護,セルフケアの支援,148,1,3,7,5,0,17,7,1,0,20,6,4
160,成,疾患・障害への適応と社会復帰への看護,慢性疾患看護,社会的支援の獲得,149,1,3,1,29,0,17,1,20,0,20,1,24
161,成,疾患・障害への適応と社会復帰への看護,社会復帰への看護,退院へ向けた看護,150,1,3,2,22,0,17,2,11,0,20,2,16
162,成,疾患・障害への適応と社会復帰への看護,社会復帰への看護,リハビリテーション,151,1,3,2,22,0,17,0,34,2,8,2,16
164,成,がん看護,がんと主な治療,診断と告知,152,1,3,0,42,0,17,0,34,0,20,0,39
165,成,がん看護,がんと主な治療,化学（薬物）療法,153,1,3,5,12,0,17,1,20,4,1,1,24
166,成,がん看護,がんと主な治療,放射線療法,154,1,3,7,5,0,17,4,5,3,5,4,11
167,成,がん看護,緩和ケア,緩和ケア総論,155,1,3,7,5,3,3,3,8,1,13,6,4
168,成,がん看護,緩和ケア,がん疼痛コントロール,156,1,3,5,12,0,17,3,8,2,8,2,16
169,成,終末期看護,終末期看護,終末期にある患者・家族の看護,157,1,3,7,5,2,5,2,11,3,5,7,3
170,成,終末期看護,終末期看護,終末期の意思決定,158,1,3,6,10,1,9,1,20,4,1,6,4
171,成,終末期看護,終末期看護,患者・家族の悲嘆の看護,159,1,3,4,15,0,17,2,11,2,8,4,11
172,成,終末期看護,終末期看護,臨死期のケアと死後のケア,160,1,3,8,3,0,17,4,5,4,1,5,8
173,A,消化管の解剖と生理,消化管の解剖,消化管の解剖総論,161,1,4,1,16,1,3,0,22,0,8,1,11
174,A,消化管の解剖と生理,消化管の解剖,食道,162,1,4,1,16,1,3,0,22,0,8,1,11
175,A,消化管の解剖と生理,消化管の解剖,胃,163,1,4,1,16,0,12,1,10,0,8,1,11
176,A,消化管の解剖と生理,消化管の解剖,小腸,164,1,4,0,28,0,12,0,22,0,8,0,21
177,A,消化管の解剖と生理,消化管の解剖,大腸,165,1,4,1,16,0,12,1,10,0,8,0,21
178,A,消化管の解剖と生理,腹部の血管系・神経系の解剖,腹部の血管系,166,1,4,0,28,0,12,0,22,0,8,0,21
179,A,消化管の解剖と生理,腹部の血管系・神経系の解剖,腹部の神経系,167,1,4,0,28,0,12,0,22,0,8,0,21
180,A,消化管の解剖と生理,消化管の生理と機能,消化管運動,168,1,4,4,3,0,12,3,3,1,5,1,11
181,A,消化管の解剖と生理,消化管の生理と機能,消化と吸収,169,1,4,1,16,1,3,0,22,0,8,1,11
182,A,消化管の解剖と生理,消化管の生理と機能,消化管ホルモン,170,1,4,2,9,1,3,1,10,0,8,2,6
183,A,消化管の解剖と生理,消化管の生理と機能,水分の吸収と分泌,171,1,4,0,28,0,12,0,22,0,8,0,21
185,A,消化管の解剖と生理,消化管の生理と機能,排便,172,1,4,2,9,0,12,2,6,0,8,0,21
623,A,消化管疾患の症候・観察・検査,消化管疾患の主要症候,嚥下障害,173,1,4,4,3,1,3,3,3,0,8,2,6
186,A,消化管疾患の症候・観察・検査,消化管疾患の主要症候,腹痛,174,1,4,1,16,0,12,1,10,0,8,0,21
187,A,消化管疾患の症候・観察・検査,消化管疾患の主要症候,腹部膨満,175,1,4,0,28,0,12,0,22,0,8,0,21
188,A,消化管疾患の症候・観察・検査,消化管疾患の主要症候,便秘,176,1,4,6,1,1,3,3,3,2,1,5,1
189,A,消化管疾患の症候・観察・検査,消化管疾患の主要症候,下痢,177,1,4,2,9,1,3,1,10,0,8,1,11
190,A,消化管疾患の症候・観察・検査,消化管疾患の主要症候,吐血,178,1,4,1,16,0,12,0,22,1,5,0,21
191,A,消化管疾患の症候・観察・検査,消化管疾患の主要症候,下血,179,1,4,4,3,3,1,1,10,0,8,4,3
192,A,消化管疾患の症候・観察・検査,消化管疾患の主要症候,悪心／嘔吐,180,1,4,0,28,0,12,0,22,0,8,0,21
193,A,消化管疾患の症候・観察・検査,消化管の観察,腹部のフィジカルアセスメント,181,1,4,0,28,0,12,0,22,0,8,0,21
194,A,消化管疾患の症候・観察・検査,消化管の検査,生体検査,182,1,4,4,3,0,12,4,1,0,8,4,3
196,A,消化管疾患の治療,侵襲的治療,消化管疾患術後のドレナージ,183,1,4,0,28,0,12,0,22,0,8,0,21
197,A,消化管疾患の治療,侵襲的治療,ストーマ（人工肛門）,184,1,4,6,1,0,12,4,1,2,1,5,1
198,A,消化管疾患の治療,術後合併症,縫合不全,185,1,4,0,28,0,12,0,22,0,8,0,21
199,A,消化管疾患,食道疾患,食道癌,186,1,4,1,16,0,12,1,10,0,8,1,11
200,A,消化管疾患,食道疾患,胃食道逆流症（GERD）,187,1,4,2,9,0,12,2,6,0,8,1,11
201,A,消化管疾患,食道疾患,食道静脈瘤,188,1,4,2,9,0,12,1,10,1,5,2,6
203,A,消化管疾患,胃・十二指腸疾患,消化性潰瘍（胃・十二指腸潰瘍）,189,1,4,1,16,0,12,1,10,0,8,0,21
205,A,消化管疾患,胃・十二指腸疾患,胃癌,190,1,4,2,9,2,2,0,22,0,8,2,6
206,A,消化管疾患,胃・十二指腸疾患,胃切除後症候群,191,1,4,4,3,0,12,2,6,2,1,4,3
207,A,消化管疾患,腸・腹膜疾患,クローン病,192,1,4,1,16,0,12,1,10,0,8,0,21
208,A,消化管疾患,腸・腹膜疾患,潰瘍性大腸炎,193,1,4,4,3,1,3,1,10,2,1,2,6
209,A,消化管疾患,腸・腹膜疾患,イレウス／腸閉塞,194,1,4,2,9,0,12,2,6,0,8,1,11
210,A,消化管疾患,腸・腹膜疾患,大腸癌,195,1,4,0,28,0,12,0,22,0,8,0,21
211,A,消化管疾患,腸・腹膜疾患,大腸ポリープ,196,1,4,0,28,0,12,0,22,0,8,0,21
212,A,消化管疾患,腸・腹膜疾患,急性虫垂炎,197,1,4,1,16,1,3,0,22,0,8,1,11
213,A,消化管疾患,腸・腹膜疾患,鼠径ヘルニア,198,1,4,1,16,0,12,1,10,0,8,0,21
214,A,消化管疾患,その他の消化管疾患,過敏性腸症候群（IBS）,199,1,4,0,28,0,12,0,22,0,8,0,21
215,A,消化管疾患,その他の消化管疾患,急性（びまん性）腹膜炎,200,1,4,0,28,0,12,0,22,0,8,0,21
216,A,消化管疾患,その他の消化管疾患,痔核,201,1,4,0,28,0,12,0,22,0,8,0,21
217,B,肝・胆・膵の解剖と生理,肝臓の解剖と生理,肝臓,202,1,5,2,9,0,10,2,4,0,11,0,19
218,B,肝・胆・膵の解剖と生理,肝臓の解剖と生理,肝機能,203,1,5,6,1,2,1,4,1,0,11,3,1
219,B,肝・胆・膵の解剖と生理,胆囊／胆道の解剖と生理,胆囊／胆道,204,1,5,1,16,1,4,0,16,0,11,1,8
220,B,肝・胆・膵の解剖と生理,胆囊／胆道の解剖と生理,胆汁,205,1,5,4,2,2,1,2,4,0,11,3,1
221,B,肝・胆・膵の解剖と生理,膵臓の解剖と生理,膵臓,206,1,5,0,23,0,10,0,16,0,11,0,19
222,B,肝・胆・膵の解剖と生理,膵臓の解剖と生理,膵液,207,1,5,2,9,1,4,1,9,0,11,2,5
223,B,肝・胆・膵の症候・検査・処置,肝・胆・膵の主要症候,黄疸,208,1,5,4,2,2,1,0,16,2,2,3,1
224,B,肝・胆・膵の症候・検査・処置,肝・胆・膵の主要症候,腹水,209,1,5,1,16,0,10,0,16,1,3,0,19
225,B,肝・胆・膵の症候・検査・処置,肝・胆・膵の主要症候,肝性脳症（肝性昏睡）,210,1,5,2,9,1,4,1,9,0,11,1,8
226,B,肝・胆・膵の症候・検査・処置,肝・胆・膵の検査・処置,肝機能検査,211,1,5,1,16,1,4,0,16,0,11,1,8
227,B,肝・胆・膵の症候・検査・処置,肝・胆・膵の検査・処置,腹部超音波（エコー）検査,212,1,5,1,16,0,10,0,16,1,3,0,19
228,B,肝・胆・膵の症候・検査・処置,肝・胆・膵の検査・処置,肝生検,213,1,5,1,16,0,10,1,9,0,11,1,8
230,B,肝・胆・膵の症候・検査・処置,肝・胆・膵の検査・処置,腹腔穿刺,214,1,5,0,23,0,10,0,16,0,11,0,19
229,B,肝・胆・膵の症候・検査・処置,肝・胆・膵の検査・処置,胆道・膵臓の検査,215,1,5,3,6,0,10,2,4,1,3,1,8
231,B,肝・胆・膵の症候・検査・処置,肝・胆・膵の検査・処置,胆道ドレナージ,216,1,5,1,16,0,10,0,16,1,3,1,8
232,B,肝・胆・膵疾患,肝疾患,ウイルス性肝炎概論,217,1,5,3,6,1,4,2,4,0,11,1,8
233,B,肝・胆・膵疾患,肝疾患,急性ウイルス性肝炎,218,1,5,0,23,0,10,0,16,0,11,0,19
234,B,肝・胆・膵疾患,肝疾患,慢性ウイルス性肝炎,219,1,5,2,9,1,4,0,16,1,3,2,5
235,B,肝・胆・膵疾患,肝疾患,急性肝不全（劇症肝炎）,220,1,5,0,23,0,10,0,16,0,11,0,19
236,B,肝・胆・膵疾患,肝疾患,肝硬変,221,1,5,4,2,0,10,3,2,1,3,3,1
237,B,肝・胆・膵疾患,肝疾患,肝癌,222,1,5,2,9,0,10,2,4,0,11,0,19
238,B,肝・胆・膵疾患,肝疾患,脂肪肝,223,1,5,0,23,0,10,0,16,0,11,0,19
239,B,肝・胆・膵疾患,肝疾患,アルコール関連肝疾患（ALD）,224,1,5,0,23,0,10,0,16,0,11,0,19
243,B,肝・胆・膵疾患,胆疾患,胆石症,225,1,5,4,2,0,10,1,9,3,1,2,5
244,B,肝・胆・膵疾患,胆疾患,胆道感染症,226,1,5,2,9,0,10,1,9,1,3,1,8
246,B,肝・胆・膵疾患,膵疾患,急性膵炎,227,1,5,3,6,0,10,3,2,0,11,1,8
247,B,肝・胆・膵疾患,膵疾患,慢性膵炎,228,1,5,1,16,0,10,1,9,0,11,1,8
248,B,肝・胆・膵疾患,膵疾患,膵癌,229,1,5,2,9,0,10,1,9,1,3,1,8
249,C,循環器系の解剖と生理,心臓の解剖と生理,心臓の解剖,230,1,6,2,13,2,4,0,24,0,7,2,6
250,C,循環器系の解剖と生理,心臓の解剖と生理,心臓の生理,231,1,6,7,3,1,7,6,1,0,7,2,6
251,C,循環器系の解剖と生理,血管系の解剖と生理,血管系の解剖,232,1,6,1,19,0,11,1,10,0,7,0,22
252,C,循環器系の解剖と生理,血管系の解剖と生理,血管系の生理,233,1,6,1,19,0,11,1,10,0,7,0,22
253,C,循環器系の解剖と生理,血管系の解剖と生理,肺循環,234,1,6,0,27,0,11,0,24,0,7,0,22
254,C,循環器系の解剖と生理,血管系の解剖と生理,体循環,235,1,6,4,6,3,2,1,10,0,7,2,6
255,C,循環器系の解剖と生理,血管系の解剖と生理,胎児・新生児の血液循環,236,1,6,4,6,3,2,1,10,0,7,3,4
256,C,循環器系の解剖と生理,リンパ系の解剖と生理,リンパ系の解剖と生理,237,1,6,3,9,0,11,3,4,0,7,1,15
257,C,循環器系の症候・観察・検査,循環器系の主要症候,チアノーゼ,238,1,6,2,13,2,4,0,24,0,7,2,6
258,C,循環器系の症候・観察・検査,循環器系の主要症候,脈拍異常,239,1,6,0,27,0,11,0,24,0,7,0,22
260,C,循環器系の症候・観察・検査,循環器系のフィジカルアセスメント,心音の聴診,240,1,6,2,13,1,7,1,10,0,7,2,6
261,C,循環器系の症候・観察・検査,循環器系の検査,心電図,241,1,6,5,5,0,11,5,2,0,7,1,15
262,C,循環器系の症候・観察・検査,循環器系の検査,胸部エックス線検査,242,1,6,0,27,0,11,0,24,0,7,0,22
263,C,循環器系の症候・観察・検査,循環器系の検査,心エコー検査,243,1,6,0,27,0,11,0,24,0,7,0,22
264,C,循環器系の症候・観察・検査,循環器系の検査,心臓カテーテル検査,244,1,6,0,27,0,11,0,24,0,7,0,22
265,C,循環器系の症候・観察・検査,循環器系の検査,心血管造影検査,245,1,6,0,27,0,11,0,24,0,7,0,22
266,C,循環器系の症候・観察・検査,循環器系の検査,心血管内圧の測定,246,1,6,0,27,0,11,0,24,0,7,0,22
268,C,循環器疾患の治療,循環器疾患の侵襲的治療,経皮的冠動脈インターベンション（PCI）,247,1,6,2,13,0,11,0,24,2,4,2,6
267,C,循環器疾患の治療,循環器疾患の侵襲的治療,血栓溶解療法,248,1,6,0,27,0,11,0,24,0,7,0,22
269,C,循環器疾患の治療,循環器疾患の侵襲的治療,冠動脈バイパス術（CABG）,249,1,6,0,27,0,11,0,24,0,7,0,22
1096,C,循環器疾患の治療,循環器疾患の侵襲的治療,カテーテルアブレーション,250,1,6,0,27,0,11,0,24,0,7,0,22
270,C,循環器疾患の治療,循環器疾患の侵襲的治療,大動脈内バルーンパンピング（IABP）,251,1,6,0,27,0,11,0,24,0,7,0,22
271,C,循環器疾患の治療,循環器疾患の侵襲的治療,心臓手術の術後管理・合併症,252,1,6,0,27,0,11,0,24,0,7,0,22
272,C,循環器疾患,心不全,心不全,253,1,6,11,1,2,4,4,3,5,1,9,1
273,C,循環器疾患,虚血性心疾患,虚血性心疾患総論,254,1,6,1,19,0,11,1,10,0,7,0,22
274,C,循環器疾患,虚血性心疾患,狭心症,255,1,6,4,6,1,7,1,10,2,4,4,3
275,C,循環器疾患,虚血性心疾患,急性心筋梗塞,256,1,6,6,4,1,7,1,10,4,2,3,4
276,C,循環器疾患,不整脈,不整脈,257,1,6,11,1,6,1,2,8,3,3,9,1
1071,C,循環器疾患,先天性心疾患,先天性心疾患総論,258,1,6,0,27,0,11,0,24,0,7,0,22
277,C,循環器疾患,先天性心疾患,心房中隔欠損症（ASD）,259,1,6,0,27,0,11,0,24,0,7,0,22
278,C,循環器疾患,先天性心疾患,心室中隔欠損症（VSD）,260,1,6,0,27,0,11,0,24,0,7,0,22
279,C,循環器疾患,先天性心疾患,アイゼンメンジャー症候群,261,1,6,0,27,0,11,0,24,0,7,0,22
280,C,循環器疾患,先天性心疾患,ファロー四徴症（TOF）,262,1,6,1,19,0,11,1,10,0,7,1,15
1072,C,循環器疾患,心臓弁膜症／心内膜炎,心臓弁膜症／心内膜炎総論,263,1,6,0,27,0,11,0,24,0,7,0,22
283,C,循環器疾患,心臓弁膜症／心内膜炎,僧帽弁狭窄症（MS）,264,1,6,1,19,0,11,1,10,0,7,1,15
284,C,循環器疾患,心臓弁膜症／心内膜炎,僧帽弁閉鎖不全症（MR）,265,1,6,0,27,0,11,0,24,0,7,0,22
285,C,循環器疾患,心臓弁膜症／心内膜炎,大動脈弁狭窄症（AS）,266,1,6,2,13,0,11,2,8,0,7,1,15
286,C,循環器疾患,心臓弁膜症／心内膜炎,大動脈弁閉鎖不全症（AR）,267,1,6,0,27,0,11,0,24,0,7,0,22
287,C,循環器疾患,心臓弁膜症／心内膜炎,感染性心内膜炎,268,1,6,0,27,0,11,0,24,0,7,0,22
288,C,循環器疾患,心筋疾患,心筋症,269,1,6,1,19,0,11,1,10,0,7,0,22
289,C,循環器疾患,心膜疾患,心タンポナーデ,270,1,6,3,9,0,11,3,4,0,7,2,6
1092,C,循環器疾患,血管疾患,動脈硬化症,271,1,6,1,19,0,11,1,10,0,7,0,22
290,C,循環器疾患,血管疾患,大動脈解離,272,1,6,3,9,0,11,3,4,0,7,1,15
291,C,循環器疾患,血管疾患,閉塞性動脈硬化症（ASO）,273,1,6,1,19,0,11,1,10,0,7,1,15
292,C,循環器疾患,血管疾患,深部静脈血栓症（DVT）,274,1,6,0,27,0,11,0,24,0,7,0,22
293,C,循環器疾患,血圧異常,高血圧,275,1,6,3,9,0,11,3,4,0,7,2,6
294,C,循環器疾患,血圧異常,低血圧,276,1,6,2,13,0,11,1,10,1,6,2,6
295,D,内分泌器官の解剖と生理,内分泌総論,内分泌総論,277,1,7,6,2,2,1,4,2,0,7,5,2
296,D,内分泌器官の解剖と生理,内分泌器官の解剖と生理,視床下部・下垂体の解剖と生理,278,1,7,3,6,0,8,3,3,0,7,3,4
297,D,内分泌器官の解剖と生理,内分泌器官の解剖と生理,甲状腺の解剖と生理,279,1,7,1,18,1,3,0,23,0,7,1,10
298,D,内分泌器官の解剖と生理,内分泌器官の解剖と生理,副甲状腺の解剖と生理,280,1,7,0,27,0,8,0,23,0,7,0,20
299,D,内分泌器官の解剖と生理,内分泌器官の解剖と生理,副腎皮質の解剖と生理,281,1,7,2,12,0,8,2,7,0,7,1,10
300,D,内分泌器官の解剖と生理,内分泌器官の解剖と生理,副腎髄質の解剖と生理,282,1,7,0,27,0,8,0,23,0,7,0,20
302,D,内分泌器官の解剖と生理,内分泌器官の解剖と生理,ランゲルハンス島の解剖と生理,283,1,7,1,18,0,8,1,15,0,7,1,10
301,D,内分泌器官の解剖と生理,内分泌器官の解剖と生理,性腺の解剖と生理,284,1,7,0,27,0,8,0,23,0,7,0,20
323,D,内分泌器官の解剖と生理,代謝総論,脂質代謝総論,285,1,7,0,27,0,8,0,23,0,7,0,20
1095,D,内分泌器官の解剖と生理,代謝総論,核酸の代謝,286,1,7,2,12,0,8,2,7,0,7,0,20
303,D,内分泌系の検査,ホルモンの検査,ホルモンの測定,287,1,7,1,18,0,8,1,15,0,7,1,10
304,D,内分泌系の検査,ホルモンの検査,ホルモン負荷試験,288,1,7,1,18,0,8,1,15,0,7,0,20
305,D,内分泌系の検査,ホルモンの検査,甲状腺シンチグラフィ,289,1,7,1,18,0,8,1,15,0,7,1,10
306,D,内分泌・代謝系疾患,視床下部・下垂体疾患,視床下部・下垂体疾患総論,290,1,7,0,27,0,8,0,23,0,7,0,20
307,D,内分泌・代謝系疾患,視床下部・下垂体疾患,先端巨大症／巨人症,291,1,7,2,12,0,8,2,7,0,7,0,20
308,D,内分泌・代謝系疾患,視床下部・下垂体疾患,尿崩症,292,1,7,1,18,0,8,1,15,0,7,1,10
309,D,内分泌・代謝系疾患,甲状腺疾患,甲状腺疾患総論,293,1,7,0,27,0,8,0,23,0,7,0,20
310,D,内分泌・代謝系疾患,甲状腺疾患,甲状腺中毒症／甲状腺機能亢進症,294,1,7,3,6,0,8,3,3,0,7,2,6
311,D,内分泌・代謝系疾患,甲状腺疾患,バセドウ病（Graves病）,295,1,7,3,6,0,8,3,3,0,7,2,6
313,D,内分泌・代謝系疾患,甲状腺疾患,甲状腺機能低下症,296,1,7,0,27,0,8,0,23,0,7,0,20
314,D,内分泌・代謝系疾患,甲状腺疾患,慢性甲状腺炎（橋本病）,297,1,7,0,27,0,8,0,23,0,7,0,20
315,D,内分泌・代謝系疾患,甲状腺疾患,甲状腺癌,298,1,7,3,6,0,8,0,23,3,3,1,10
316,D,内分泌・代謝系疾患,副甲状腺疾患,副甲状腺機能亢進症,299,1,7,0,27,0,8,0,23,0,7,0,20
317,D,内分泌・代謝系疾患,副甲状腺疾患,副甲状腺機能低下症,300,1,7,0,27,0,8,0,23,0,7,0,20
318,D,内分泌・代謝系疾患,副腎疾患,クッシング症候群,301,1,7,3,6,0,8,3,3,0,7,3,4
1080,D,内分泌・代謝系疾患,副腎疾患,褐色細胞腫,302,1,7,1,18,0,8,1,15,0,7,0,20
319,D,内分泌・代謝系疾患,糖代謝異常,糖尿病,303,1,7,15,1,2,1,6,1,7,1,11,1
321,D,内分泌・代謝系疾患,糖代謝異常,糖尿病の急性合併症,304,1,7,6,2,1,3,1,15,4,2,2,6
320,D,内分泌・代謝系疾患,糖代謝異常,糖尿病の慢性合併症,305,1,7,5,4,0,8,2,7,3,3,5,2
324,D,内分泌・代謝系疾患,脂質代謝異常,脂質異常症（高脂血症）,306,1,7,2,12,0,8,2,7,0,7,0,20
325,D,内分泌・代謝系疾患,肥満,肥満,307,1,7,2,12,0,8,2,7,0,7,0,20
326,D,内分泌・代謝系疾患,肥満,メタボリックシンドローム,308,1,7,1,18,1,3,0,23,0,7,1,10
327,D,内分泌・代謝系疾患,尿酸代謝異常,痛風（高尿酸血症）,309,1,7,3,6,1,3,2,7,0,7,1,10
328,D,内分泌・代謝系疾患,栄養の異常,ナトリウム（Na）代謝異常,310,1,7,1,18,0,8,0,23,1,6,1,10
329,D,内分泌・代謝系疾患,栄養の異常,カリウム（K）代謝異常,311,1,7,4,5,1,3,1,15,2,5,2,6
330,D,内分泌・代謝系疾患,栄養の異常,カルシウム（Ca）代謝異常,312,1,7,0,27,0,8,0,23,0,7,0,20
332,D,内分泌・代謝系疾患,栄養の異常,ビタミン欠乏症,313,1,7,2,12,0,8,2,7,0,7,0,20
333,E,腎・泌尿器の解剖と生理,腎臓の解剖と生理,腎臓,314,1,8,1,20,0,9,1,12,0,15,0,22
334,E,腎・泌尿器の解剖と生理,腎臓の解剖と生理,ネフロン,315,1,8,1,20,0,9,1,12,0,15,0,22
335,E,腎・泌尿器の解剖と生理,腎臓の解剖と生理,腎臓の生理,316,1,8,0,31,0,9,0,24,0,15,0,22
336,E,腎・泌尿器の解剖と生理,腎臓の解剖と生理,尿の成分,317,1,8,1,20,1,4,0,24,0,15,1,12
337,E,腎・泌尿器の解剖と生理,尿路の解剖と生理,尿路,318,1,8,2,12,1,4,1,12,0,15,1,12
338,E,腎・泌尿器の解剖と生理,尿路の解剖と生理,排尿,319,1,8,2,12,0,9,2,6,0,15,2,5
339,E,腎・泌尿器の解剖と生理,尿路の解剖と生理,男性生殖器,320,1,8,3,7,1,4,2,6,0,15,2,5
340,E,腎・泌尿器の主要症候,尿の異常,蛋白尿,321,1,8,0,31,0,9,0,24,0,15,0,22
341,E,腎・泌尿器の主要症候,尿の異常,血尿,322,1,8,0,31,0,9,0,24,0,15,0,22
342,E,腎・泌尿器の主要症候,排尿の異常,下部尿路症状,323,1,8,1,20,0,9,1,12,0,15,0,22
343,E,腎・泌尿器の主要症候,排尿の異常,乏尿／無尿,324,1,8,2,12,2,1,0,24,0,15,2,5
344,E,腎・泌尿器の主要症候,排尿の異常,尿閉,325,1,8,0,31,0,9,0,24,0,15,0,22
345,E,腎・泌尿器の主要症候,排尿の異常,多尿,326,1,8,0,31,0,9,0,24,0,15,0,22
346,E,腎・泌尿器の主要症候,排尿の異常,頻尿,327,1,8,0,31,0,9,0,24,0,15,0,22
347,E,腎・泌尿器の主要症候,排尿の異常,尿失禁,328,1,8,6,1,2,1,3,1,1,6,4,1
348,E,腎・泌尿器の主要症候,下部尿路機能障害,過活動膀胱,329,1,8,3,7,0,9,2,6,1,6,1,12
349,E,腎・泌尿器の主要症候,下部尿路機能障害,神経因性膀胱,330,1,8,1,20,0,9,0,24,1,6,1,12
373,E,腎・泌尿器の主要症候,下部尿路機能障害,前立腺肥大症（BPH）,331,1,8,3,7,1,4,2,6,0,15,0,22
350,E,腎・泌尿器の観察・検査,腎・泌尿器のフィジカルアセスメント,腎疾患に関する身体所見,332,1,8,0,31,0,9,0,24,0,15,0,22
351,E,腎・泌尿器の観察・検査,腎・泌尿器の検査,尿検査,333,1,8,5,3,2,1,3,1,0,15,3,3
352,E,腎・泌尿器の観察・検査,腎・泌尿器の検査,腎機能検査,334,1,8,2,12,1,4,1,12,0,15,2,5
353,E,腎・泌尿器の観察・検査,腎・泌尿器の検査,腎・泌尿器のエックス線撮影,335,1,8,0,31,0,9,0,24,0,15,0,22
354,E,腎・泌尿器の観察・検査,腎・泌尿器の検査,膀胱鏡検査,336,1,8,1,20,0,9,1,12,0,15,1,12
355,E,腎・泌尿器の観察・検査,腎・泌尿器の検査,腎生検,337,1,8,2,12,0,9,1,12,1,6,2,5
356,E,腎・泌尿器疾患の治療,侵襲的治療,尿路変向術,338,1,8,4,4,0,9,2,6,2,3,3,3
357,E,腎・泌尿器疾患の治療,侵襲的治療,透析療法,339,1,8,6,1,0,9,3,1,3,1,4,1
358,E,腎・泌尿器疾患の治療,侵襲的治療,腎移植,340,1,8,3,7,0,9,0,24,3,1,0,22
359,E,腎・泌尿器疾患,糸球体疾患,糸球体疾患総論,341,1,8,0,31,0,9,0,24,0,15,0,22
360,E,腎・泌尿器疾患,糸球体疾患,急性糸球体腎炎,342,1,8,2,12,0,9,0,24,2,3,2,5
361,E,腎・泌尿器疾患,糸球体疾患,IgA腎症,343,1,8,1,20,0,9,0,24,1,6,1,12
362,E,腎・泌尿器疾患,糸球体疾患,ネフローゼ症候群,344,1,8,4,4,0,9,2,6,2,3,1,12
363,E,腎・泌尿器疾患,糸球体疾患,糖尿病性腎症,345,1,8,1,20,0,9,1,12,0,15,0,22
364,E,腎・泌尿器疾患,腎不全,急性腎障害（AKI）／急性腎不全（ARF）,346,1,8,1,20,0,9,0,24,1,6,0,22
365,E,腎・泌尿器疾患,腎不全,慢性腎臓病（CKD）／慢性腎不全（CRF）,347,1,8,4,4,0,9,3,1,1,6,1,12
366,E,腎・泌尿器疾患,尿路の疾患,尿路結石症,348,1,8,3,7,0,9,3,1,0,15,2,5
367,E,腎・泌尿器疾患,尿路の疾患,水腎症／水尿管症,349,1,8,1,20,0,9,1,12,0,15,0,22
368,E,腎・泌尿器疾患,尿路の疾患,尿路感染症総論,350,1,8,0,31,0,9,0,24,0,15,0,22
369,E,腎・泌尿器疾患,尿路の疾患,腎盂腎炎,351,1,8,2,12,0,9,1,12,1,6,1,12
370,E,腎・泌尿器疾患,尿路の疾患,膀胱炎,352,1,8,0,31,0,9,0,24,0,15,0,22
1075,E,腎・泌尿器疾患,尿路・男性生殖器の腫瘍,腎細胞癌,353,1,8,0,31,0,9,0,24,0,15,0,22
371,E,腎・泌尿器疾患,尿路・男性生殖器の腫瘍,膀胱癌,354,1,8,2,12,0,9,1,12,1,6,0,22
372,E,腎・泌尿器疾患,尿路・男性生殖器の腫瘍,前立腺癌,355,1,8,1,20,0,9,1,12,0,15,1,12
374,E,腎・泌尿器疾患,男性生殖器の異常,男性不妊,356,1,8,0,31,0,9,0,24,0,15,0,22
376,F,免疫,免疫総論,免疫の概念,357,1,9,0,8,0,2,0,8,0,3,0,6
377,F,免疫,免疫総論,免疫系構成因子,358,1,9,2,4,1,1,1,5,0,3,2,4
378,F,免疫,生体防御機構,自然免疫,359,1,9,0,8,0,2,0,8,0,3,0,6
379,F,免疫,生体防御機構,獲得免疫,360,1,9,2,4,0,2,2,3,0,3,0,6
380,F,免疫,生体防御機構,生体防御機構の全体像,361,1,9,0,8,0,2,0,8,0,3,0,6
381,F,アレルギー,アレルギー総論,アレルギー総論,362,1,9,0,8,0,2,0,8,0,3,0,6
382,F,アレルギー,アレルギー総論,アレルギー反応,363,1,9,5,1,0,2,4,2,1,2,3,2
383,F,膠原病,膠原病総論,膠原病総論,364,1,9,0,8,0,2,0,8,0,3,0,6
384,F,膠原病,膠原病の主要症候,レイノー現象,365,1,9,0,8,0,2,0,8,0,3,0,6
385,F,膠原病,膠原病／膠原病類縁疾患,関節リウマチ（RA）,366,1,9,5,1,0,2,5,1,0,3,4,1
386,F,膠原病,膠原病／膠原病類縁疾患,全身性エリテマトーデス（SLE）,367,1,9,4,3,0,2,1,5,3,1,3,2
387,F,膠原病,膠原病／膠原病類縁疾患,ベーチェット病,368,1,9,0,8,0,2,0,8,0,3,0,6
388,F,膠原病,膠原病／膠原病類縁疾患,若年性特発性関節炎,369,1,9,0,8,0,2,0,8,0,3,0,6
390,F,膠原病,膠原病／膠原病類縁疾患,多発性筋炎／皮膚筋炎（PM／DM）,370,1,9,1,7,0,2,1,5,0,3,0,6
392,F,膠原病,膠原病／膠原病類縁疾患,シェーグレン症候群（SS）,371,1,9,2,4,0,2,2,3,0,3,1,5
389,F,膠原病,膠原病／膠原病類縁疾患,その他の膠原病,372,1,9,0,8,0,2,0,8,0,3,0,6
394,G,血液・造血器総論,血液,血液の成分,373,1,10,0,17,0,6,0,14,0,5,0,14
395,G,血液・造血器総論,血液,血球,374,1,10,5,2,2,2,3,2,0,5,4,1
396,G,血液・造血器総論,血液,血漿,375,1,10,0,17,0,6,0,14,0,5,0,14
397,G,血液・造血器総論,血液,血液型,376,1,10,2,7,0,6,2,4,0,5,0,14
398,G,血液・造血器総論,血液の働き,物質輸送,377,1,10,0,17,0,6,0,14,0,5,0,14
400,G,血液・造血器総論,血液の働き,止血機構と線溶,378,1,10,2,7,0,6,2,4,0,5,0,14
401,G,血液・造血器の主要症候・検査・治療,血液・造血器の主要症候,出血傾向,379,1,10,1,11,0,6,1,7,0,5,1,4
403,G,血液・造血器の主要症候・検査・治療,血液・造血器の主要症候,白血球減少症,380,1,10,1,11,0,6,1,7,0,5,1,4
406,G,血液・造血器の主要症候・検査・治療,血液・造血器の主要症候,脾腫,381,1,10,0,17,0,6,0,14,0,5,0,14
407,G,血液・造血器の主要症候・検査・治療,血液・造血器の検査,血液検査,382,1,10,4,3,1,4,3,2,0,5,1,4
408,G,血液・造血器の主要症候・検査・治療,血液・造血器の検査,骨髄穿刺,383,1,10,3,4,0,6,2,4,1,3,1,4
409,G,血液・造血器の主要症候・検査・治療,血液・造血器疾患の治療,造血幹細胞移植,384,1,10,3,4,0,6,1,7,2,1,1,4
410,G,血液・造血器の主要症候・検査・治療,血液・造血器疾患の治療,輸血療法,385,1,10,7,1,2,2,5,1,0,5,4,1
411,G,血液・造血器疾患,貧血,貧血総論,386,1,10,3,4,3,1,0,14,0,5,3,3
412,G,血液・造血器疾患,貧血,鉄欠乏性貧血,387,1,10,1,11,0,6,1,7,0,5,1,4
413,G,血液・造血器疾患,貧血,巨赤芽球性貧血,388,1,10,2,7,1,4,1,7,0,5,1,4
414,G,血液・造血器疾患,貧血,再生不良性貧血,389,1,10,0,17,0,6,0,14,0,5,0,14
415,G,血液・造血器疾患,貧血,溶血性貧血,390,1,10,0,17,0,6,0,14,0,5,0,14
416,G,血液・造血器疾患,造血器腫瘍,造血器腫瘍総論,391,1,10,0,17,0,6,0,14,0,5,0,14
417,G,血液・造血器疾患,造血器腫瘍,急性白血病,392,1,10,1,11,0,6,1,7,0,5,1,4
418,G,血液・造血器疾患,造血器腫瘍,慢性骨髄性白血病（CML）,393,1,10,0,17,0,6,0,14,0,5,0,14
419,G,血液・造血器疾患,造血器腫瘍,悪性リンパ腫,394,1,10,1,11,0,6,0,14,1,3,1,4
422,G,血液・造血器疾患,造血器腫瘍,多発性骨髄腫,395,1,10,1,11,0,6,1,7,0,5,0,14
423,G,血液・造血器疾患,出血性疾患,出血性疾患総論,396,1,10,0,17,0,6,0,14,0,5,0,14
424,G,血液・造血器疾患,出血性疾患,血友病,397,1,10,0,17,0,6,0,14,0,5,0,14
393,G,血液・造血器疾患,出血性疾患,紫斑病,398,1,10,2,7,0,6,0,14,2,1,1,4
427,G,血液・造血器疾患,出血性疾患,播種性血管内凝固（DIC）,399,1,10,0,17,0,6,0,14,0,5,0,14
428,H,感染症総論,感染症の定義と分類,感染症の定義,400,1,11,1,7,0,5,1,5,0,4,1,5
429,H,感染症総論,感染症の定義と分類,感染症の分類,401,1,11,0,15,0,5,0,11,0,4,0,13
430,H,感染症総論,感染症の原因,病原体の種類,402,1,11,2,4,0,5,2,2,0,4,1,5
431,H,感染症総論,感染症の原因,感染経路,403,1,11,6,1,4,1,2,2,0,4,6,1
432,H,感染症総論,さまざまな感染症,日和見感染,404,1,11,0,15,0,5,0,11,0,4,0,13
433,H,感染症総論,さまざまな感染症,院内感染,405,1,11,1,7,0,5,1,5,0,4,1,5
434,H,感染症総論,さまざまな感染症,敗血症,406,1,11,1,7,0,5,1,5,0,4,1,5
435,H,感染症総論,さまざまな感染症,性感染症（STI）,407,1,11,3,3,1,2,0,11,2,1,3,3
436,H,感染症総論,さまざまな感染症,食中毒,408,1,11,1,7,0,5,1,5,0,4,1,5
437,H,感染症の検査,病原体の同定,検体の採取,409,1,11,0,15,0,5,0,11,0,4,0,13
438,H,細菌感染症,グラム陽性球菌,グラム陽性球菌総論,410,1,11,0,15,0,5,0,11,0,4,0,13
439,H,細菌感染症,グラム陽性球菌,ブドウ球菌,411,1,11,1,7,1,2,0,11,0,4,1,5
440,H,細菌感染症,グラム陽性球菌,メチシリン耐性黄色ブドウ球菌（MRSA）,412,1,11,0,15,0,5,0,11,0,4,0,13
441,H,細菌感染症,グラム陽性球菌,レンサ球菌,413,1,11,0,15,0,5,0,11,0,4,0,13
442,H,細菌感染症,グラム陽性球菌,蜂窩織炎,414,1,11,1,7,0,5,0,11,1,2,0,13
443,H,細菌感染症,グラム陽性桿菌,グラム陽性桿菌総論,415,1,11,0,15,0,5,0,11,0,4,0,13
444,H,細菌感染症,グラム陽性桿菌,ボツリヌス菌,416,1,11,0,15,0,5,0,11,0,4,0,13
445,H,細菌感染症,グラム陽性桿菌,破傷風菌,417,1,11,0,15,0,5,0,11,0,4,0,13
446,H,細菌感染症,グラム陽性桿菌,ジフテリア菌,418,1,11,0,15,0,5,0,11,0,4,0,13
447,H,細菌感染症,グラム陰性球菌,淋菌,419,1,11,0,15,0,5,0,11,0,4,0,13
448,H,細菌感染症,グラム陰性桿菌,大腸菌,420,1,11,0,15,0,5,0,11,0,4,0,13
450,H,細菌感染症,グラム陰性桿菌,赤痢菌,421,1,11,0,15,0,5,0,11,0,4,0,13
451,H,細菌感染症,グラム陰性桿菌,コレラ菌,422,1,11,0,15,0,5,0,11,0,4,0,13
452,H,細菌感染症,グラム陰性桿菌,緑膿菌,423,1,11,0,15,0,5,0,11,0,4,0,13
453,H,細菌感染症,グラム陰性桿菌,レジオネラ菌,424,1,11,1,7,1,2,0,11,0,4,1,5
454,H,細菌感染症,スピロヘータ感染症,梅毒,425,1,11,2,4,0,5,2,2,0,4,1,5
455,H,細菌感染症,非定型病原体,非定型病原体総論,426,1,11,0,15,0,5,0,11,0,4,0,13
456,H,細菌感染症,非定型病原体,クラミジア感染症,427,1,11,0,15,0,5,0,11,0,4,0,13
457,H,ウイルス・真菌感染症,ウイルス感染症,ウイルス感染症総論,428,1,11,0,15,0,5,0,11,0,4,0,13
458,H,ウイルス・真菌感染症,ウイルス感染症,ノロウイルス感染症,429,1,11,2,4,0,5,1,5,1,2,2,4
1100,H,ウイルス・真菌感染症,ウイルス感染症,ヘルペスウイルス感染症,430,1,11,1,7,0,5,1,5,0,4,0,13
462,H,ウイルス・真菌感染症,ウイルス感染症,HIV感染症／後天性免疫不全症候群（エイズ）,431,1,11,6,1,0,5,6,1,0,4,4,2
463,H,ウイルス・真菌感染症,真菌感染症,真菌感染症総論,432,1,11,0,15,0,5,0,11,0,4,0,13
464,H,ウイルス・真菌感染症,真菌感染症,カンジダ症,433,1,11,0,15,0,5,0,11,0,4,0,13
465,I,呼吸器系の解剖と生理,呼吸器系の解剖,気道,434,1,12,1,16,0,10,1,9,0,16,0,19
466,I,呼吸器系の解剖と生理,呼吸器系の解剖,肺,435,1,12,0,28,0,10,0,17,0,16,0,19
467,I,呼吸器系の解剖と生理,呼吸器系の解剖,縦隔／胸郭,436,1,12,2,10,0,10,2,4,0,16,0,19
468,I,呼吸器系の解剖と生理,呼吸器系の解剖,呼吸運動,437,1,12,1,16,0,10,1,9,0,16,0,19
469,I,呼吸器系の解剖と生理,呼吸器系の生理,呼吸,438,1,12,0,28,0,10,0,17,0,16,0,19
470,I,呼吸器系の解剖と生理,呼吸器系の生理,ガス交換と運搬,439,1,12,0,28,0,10,0,17,0,16,0,19
471,I,呼吸器系の解剖と生理,呼吸器系の生理,呼吸運動の調節,440,1,12,0,28,0,10,0,17,0,16,0,19
472,I,呼吸器系の解剖と生理,呼吸器系の生理,換気量と死腔,441,1,12,1,16,1,4,0,17,0,16,0,19
473,I,呼吸器系の症候・観察・検査,呼吸器系の主要症候,咳嗽／喀痰,442,1,12,0,28,0,10,0,17,0,16,0,19
474,I,呼吸器系の症候・観察・検査,呼吸器系の主要症候,血痰／喀血,443,1,12,3,8,3,1,0,17,0,16,3,6
475,I,呼吸器系の症候・観察・検査,呼吸器系の主要症候,呼吸困難（息切れ）,444,1,12,1,16,0,10,1,9,0,16,1,10
476,I,呼吸器系の症候・観察・検査,呼吸器系の主要症候,呼吸不全,445,1,12,1,16,0,10,0,17,1,8,0,19
477,I,呼吸器系の症候・観察・検査,呼吸器系の主要症候,CO2ナルコーシス,446,1,12,2,10,1,4,0,17,1,8,2,8
478,I,呼吸器系の症候・観察・検査,呼吸器系のフィジカルアセスメント,呼吸数・深さ・リズムの異常,447,1,12,3,8,3,1,0,17,0,16,1,10
479,I,呼吸器系の症候・観察・検査,呼吸器系のフィジカルアセスメント,呼吸音の聴診,448,1,12,5,4,2,3,1,9,2,3,3,6
480,I,呼吸器系の症候・観察・検査,呼吸器系の検査,動脈血ガス分析,449,1,12,0,28,0,10,0,17,0,16,0,19
481,I,呼吸器系の症候・観察・検査,呼吸器系の検査,換気機能検査,450,1,12,4,5,0,10,2,4,2,3,4,4
482,I,呼吸器系の症候・観察・検査,呼吸器系の検査,気管支鏡検査,451,1,12,1,16,0,10,1,9,0,16,0,19
484,I,呼吸器系の症候・観察・検査,呼吸器系の検査,胸水検査,452,1,12,0,28,0,10,0,17,0,16,0,19
485,I,呼吸器系の症候・観察・検査,呼吸器系の検査,喀痰検査,453,1,12,0,28,0,10,0,17,0,16,0,19
486,I,呼吸器疾患の治療,呼吸器疾患の非薬物療法,気道クリーニング,454,1,12,4,5,1,4,2,4,1,8,4,4
488,I,呼吸器疾患の治療,呼吸器疾患の非薬物療法,胸腔ドレナージ,455,1,12,1,16,0,10,1,9,0,16,1,10
489,I,呼吸器疾患の治療,呼吸器疾患の非薬物療法,人工呼吸器,456,1,12,2,10,0,10,0,17,2,3,1,10
490,I,呼吸器疾患の治療,呼吸器疾患の非薬物療法,気管切開,457,1,12,0,28,0,10,0,17,0,16,0,19
491,I,呼吸器疾患の治療,呼吸器疾患の非薬物療法,非侵襲的陽圧換気（NPPV）,458,1,12,1,16,0,10,0,17,1,8,1,10
492,I,呼吸器疾患,呼吸器感染症,かぜ症候群,459,1,12,0,28,0,10,0,17,0,16,0,19
493,I,呼吸器疾患,呼吸器感染症,インフルエンザ,460,1,12,0,28,0,10,0,17,0,16,0,19
494,I,呼吸器疾患,呼吸器感染症,肺結核（症）,461,1,12,4,5,1,4,3,2,0,16,2,8
495,I,呼吸器疾患,呼吸器感染症,肺炎,462,1,12,2,10,0,10,1,9,1,8,0,19
496,I,呼吸器疾患,免疫・アレルギー性肺疾患,気管支喘息（喘息）,463,1,12,7,2,0,10,2,4,5,1,7,1
497,I,呼吸器疾患,間質性肺疾患,間質性肺炎,464,1,12,1,16,0,10,0,17,1,8,1,10
499,I,呼吸器疾患,閉塞性肺疾患,慢性閉塞性肺疾患（COPD）,465,1,12,9,1,1,4,4,1,4,2,7,1
500,I,呼吸器疾患,肺腫瘍,肺癌,466,1,12,6,3,1,4,3,2,2,3,5,3
501,I,呼吸器疾患,肺循環障害,肺塞栓症／肺梗塞,467,1,12,1,16,0,10,0,17,1,8,1,10
502,I,呼吸器疾患,肺循環障害,肺水腫,468,1,12,1,16,0,10,0,17,1,8,1,10
503,I,呼吸器疾患,肺循環障害,肺高血圧症,469,1,12,0,28,0,10,0,17,0,16,0,19
504,I,呼吸器疾患,換気異常,睡眠時無呼吸症候群（SAS）,470,1,12,2,10,0,10,0,17,2,3,0,19
505,I,呼吸器疾患,換気異常,過換気症候群,471,1,12,1,16,0,10,1,9,0,16,0,19
507,I,呼吸器疾患,胸膜・縦隔疾患,気胸,472,1,12,2,10,0,10,2,4,0,16,1,10
508,I,呼吸器疾患,その他の呼吸器疾患,無気肺,473,1,12,0,28,0,10,0,17,0,16,0,19
510,J,脳・神経系の解剖と生理,脳・神経系概略,中枢神経系と末梢神経系,474,1,13,0,40,0,16,0,29,0,14,0,28
511,J,脳・神経系の解剖と生理,中枢神経系,中枢神経総論,475,1,13,0,40,0,16,0,29,0,14,0,28
512,J,脳・神経系の解剖と生理,中枢神経系,大脳,476,1,13,4,7,2,4,2,6,0,14,3,9
513,J,脳・神経系の解剖と生理,中枢神経系,間脳,477,1,13,2,18,2,4,0,29,0,14,2,11
514,J,脳・神経系の解剖と生理,中枢神経系,小脳,478,1,13,2,18,1,8,1,15,0,14,1,18
515,J,脳・神経系の解剖と生理,中枢神経系,脳幹,479,1,13,2,18,2,4,0,29,0,14,2,11
516,J,脳・神経系の解剖と生理,中枢神経系,脊髄,480,1,13,0,40,0,16,0,29,0,14,0,28
517,J,脳・神経系の解剖と生理,末梢神経系,末梢神経総論,481,1,13,1,27,1,8,0,29,0,14,0,28
518,J,脳・神経系の解剖と生理,末梢神経系,脳神経,482,1,13,8,3,3,2,5,2,0,14,5,2
519,J,脳・神経系の解剖と生理,末梢神経系,脊髄神経,483,1,13,0,40,0,16,0,29,0,14,0,28
520,J,脳・神経系の解剖と生理,末梢神経系,自律神経,484,1,13,4,7,1,8,3,4,0,14,3,9
521,J,脳・神経系の主要症候・観察・検査,脳・神経系の主要症候,意識障害,485,1,13,6,5,3,2,0,29,3,4,4,5
522,J,脳・神経系の主要症候・観察・検査,脳・神経系の主要症候,高次脳機能障害,486,1,13,9,2,0,16,5,2,4,3,5,2
523,J,脳・神経系の主要症候・観察・検査,脳・神経系の主要症候,頭蓋内圧亢進／脳ヘルニア,487,1,13,3,12,0,16,1,15,2,8,1,18
524,J,脳・神経系の主要症候・観察・検査,脳・神経系の主要症候,脳死,488,1,13,4,7,4,1,0,29,0,14,4,5
525,J,脳・神経系の主要症候・観察・検査,脳・神経系の主要症候,けいれん,489,1,13,2,18,1,8,0,29,1,10,2,11
526,J,脳・神経系の主要症候・観察・検査,脳・神経系の主要症候,顔面神経麻痺,490,1,13,2,18,0,16,2,6,0,14,0,28
527,J,脳・神経系の主要症候・観察・検査,脳・神経系の主要症候,運動麻痺,491,1,13,1,27,1,8,0,29,0,14,1,18
528,J,脳・神経系の主要症候・観察・検査,脳・神経系のフィジカルアセスメント,瞳孔の観察,492,1,13,1,27,0,16,0,29,1,10,0,28
529,J,脳・神経系の主要症候・観察・検査,脳・神経系のフィジカルアセスメント,対光反射,493,1,13,0,40,0,16,0,29,0,14,0,28
530,J,脳・神経系の主要症候・観察・検査,脳・神経系のフィジカルアセスメント,バレー徴候,494,1,13,2,18,0,16,2,6,0,14,0,28
531,J,脳・神経系の主要症候・観察・検査,脳・神経系のフィジカルアセスメント,腱反射,495,1,13,3,12,1,8,2,6,0,14,2,11
532,J,脳・神経系の主要症候・観察・検査,脳・神経系のフィジカルアセスメント,バビンスキー徴候,496,0,13,0,40,0,16,0,29,0,14,0,28
533,J,脳・神経系の主要症候・観察・検査,脳・神経系のフィジカルアセスメント,小脳機能の検査,497,1,13,2,18,0,16,2,6,0,14,2,11
534,J,脳・神経系の主要症候・観察・検査,脳・神経系の検査,頭部CT,498,1,13,1,27,0,16,1,15,0,14,0,28
535,J,脳・神経系の主要症候・観察・検査,脳・神経系の検査,頭部MRI,499,1,13,0,40,0,16,0,29,0,14,0,28
537,J,脳・神経系の主要症候・観察・検査,脳・神経系の検査,脳血管撮影,500,1,13,1,27,0,16,1,15,0,14,1,18
536,J,脳・神経系の主要症候・観察・検査,脳・神経系の検査,脳波検査,501,1,13,0,40,0,16,0,29,0,14,0,28
538,J,脳・神経系の主要症候・観察・検査,脳・神経系の検査,髄液検査,502,1,13,1,27,0,16,1,15,0,14,1,18
539,J,脳・神経系の主要症候・観察・検査,脳・神経系の検査,その他の脳・神経系の検査,503,1,13,0,40,0,16,0,29,0,14,0,28
540,J,脳・神経疾患の治療,侵襲的治療,開頭術,504,1,13,4,7,0,16,1,15,3,4,4,5
541,J,脳・神経疾患の治療,侵襲的治療,脳室ドレナージ,505,1,13,0,40,0,16,0,29,0,14,0,28
542,J,脳・神経疾患,脳血管障害,脳卒中総論,506,1,13,1,27,0,16,0,29,1,10,1,18
543,J,脳・神経疾患,脳血管障害,脳梗塞,507,1,13,3,12,0,16,1,15,2,8,1,18
544,J,脳・神経疾患,脳血管障害,脳出血,508,1,13,1,27,1,8,0,29,0,14,0,28
545,J,脳・神経疾患,脳血管障害,くも膜下出血,509,1,13,4,7,0,16,1,15,3,4,1,18
1098,J,脳・神経疾患,脳血管障害,もやもや病,510,1,13,2,18,0,16,2,6,0,14,1,18
546,J,脳・神経疾患,認知症,認知症総論,511,1,13,16,1,1,8,6,1,9,1,12,1
547,J,脳・神経疾患,認知症,アルツハイマー型認知症,512,1,13,3,12,0,16,2,6,1,10,2,11
1089,J,脳・神経疾患,認知症,レビー小体型認知症,513,1,13,5,6,0,16,2,6,3,4,4,5
548,J,脳・神経疾患,認知症,脳血管性認知症,514,1,13,0,40,0,16,0,29,0,14,0,28
549,J,脳・神経疾患,脱髄性疾患,多発性硬化症（MS）,515,1,13,0,40,0,16,0,29,0,14,0,28
550,J,脳・神経疾患,神経変性疾患,パーキンソン病,516,1,13,7,4,0,16,0,29,7,2,5,2
551,J,脳・神経疾患,神経変性疾患,筋萎縮性側索硬化症（ALS）,517,1,13,1,27,0,16,1,15,0,14,0,28
552,J,脳・神経疾患,感染性疾患,髄膜炎,518,1,13,2,18,0,16,2,6,0,14,0,28
553,J,脳・神経疾患,筋疾患,重症筋無力症（MG）,519,1,13,3,12,0,16,3,4,0,14,0,28
554,J,脳・神経疾患,筋疾患,筋ジストロフィー症,520,1,13,0,40,0,16,0,29,0,14,0,28
555,J,脳・神経疾患,末梢神経障害,末梢神経障害総論,521,1,13,0,40,0,16,0,29,0,14,0,28
556,J,脳・神経疾患,末梢神経障害,ギラン・バレー症候群,522,1,13,1,27,0,16,1,15,0,14,0,28
557,J,脳・神経疾患,末梢神経障害,絞扼・圧迫性ニューロパチー,523,1,13,3,12,2,4,1,15,0,14,2,11
558,J,脳・神経疾患,機能性疾患,てんかん,524,1,13,1,27,0,16,1,15,0,14,0,28
559,J,脳・神経疾患,脳腫瘍,脳腫瘍,525,1,13,1,27,0,16,1,15,0,14,1,18
560,J,脳・神経疾患,頭部外傷,頭部外傷総論,526,1,13,0,40,0,16,0,29,0,14,0,28
561,J,脳・神経疾患,頭部外傷,急性硬膜外血腫,527,1,13,1,27,0,16,1,15,0,14,0,28
562,J,脳・神経疾患,頭部外傷,急性硬膜下血腫,528,1,13,0,40,0,16,0,29,0,14,0,28
564,K,運動器の解剖と生理,骨・関節の解剖と生理,骨格,529,1,14,2,8,1,2,1,8,0,9,1,7
565,K,運動器の解剖と生理,骨・関節の解剖と生理,骨,530,1,14,0,22,0,4,0,19,0,9,0,14
566,K,運動器の解剖と生理,骨・関節の解剖と生理,関節,531,1,14,3,5,1,2,2,1,0,9,1,7
567,K,運動器の解剖と生理,筋の解剖と生理,骨格筋の解剖,532,1,14,1,13,0,4,1,8,0,9,0,14
568,K,運動器の解剖と生理,筋の解剖と生理,骨格筋の収縮,533,1,14,2,8,0,4,2,1,0,9,0,14
570,K,運動器の観察・検査,運動器のフィジカルアセスメント,関節運動と可動域,534,1,14,5,2,2,1,2,1,1,6,3,1
571,K,運動器の観察・検査,運動器のフィジカルアセスメント,徒手筋力テスト,535,1,14,1,13,0,4,1,8,0,9,0,14
1085,K,運動器の観察・検査,検査,関節鏡検査,536,1,14,1,13,0,4,1,8,0,9,0,14
572,K,運動器の観察・検査,検査,ミエログラフィー（脊髄造影）,537,1,14,1,13,0,4,1,8,0,9,1,7
573,K,運動器疾患の治療・リハビリテーション,保存療法,固定法,538,1,14,4,3,0,4,0,19,4,1,3,1
574,K,運動器疾患の治療・リハビリテーション,保存療法,牽引法,539,1,14,2,8,0,4,2,1,0,9,1,7
575,K,運動器疾患の治療・リハビリテーション,侵襲的治療,四肢切断術,540,1,14,3,5,0,4,1,8,2,4,2,4
576,K,運動器疾患の治療・リハビリテーション,リハビリテーション,関節可動域訓練,541,1,14,2,8,0,4,2,1,0,9,1,7
577,K,運動器疾患,骨折,骨折総論,542,1,14,6,1,0,4,2,1,4,1,2,4
578,K,運動器疾患,骨折,上腕骨骨折,543,1,14,0,22,0,4,0,19,0,9,0,14
580,K,運動器疾患,骨折,大腿骨骨折,544,1,14,4,3,0,4,1,8,3,3,2,4
586,K,運動器疾患,変形性関節症,変形性膝関節症,545,1,14,1,13,0,4,1,8,0,9,0,14
587,K,運動器疾患,変形性関節症,変形性股関節症,546,1,14,3,5,0,4,1,8,2,4,3,1
589,K,運動器疾患,脊椎・脊髄疾患,脊髄損傷,547,1,14,1,13,0,4,1,8,0,9,0,14
590,K,運動器疾患,脊椎・脊髄疾患,椎間板ヘルニア,548,1,14,2,8,0,4,2,1,0,9,0,14
593,K,運動器疾患,脊椎・脊髄疾患,腰部脊柱管狭窄症,549,1,14,1,13,0,4,0,19,1,6,1,7
594,K,運動器疾患,その他の運動器疾患,骨粗鬆症,550,1,14,1,13,0,4,0,19,1,6,1,7
1094,K,運動器疾患,その他の運動器疾患,腱鞘炎,551,1,14,1,13,0,4,1,8,0,9,0,14
595,L,眼の解剖と役割,眼の構造,眼の解剖と生理,552,1,15,2,4,0,2,2,3,0,2,0,8
596,L,眼の解剖と役割,視機能,視力,553,1,15,1,7,0,2,1,6,0,2,1,4
597,L,眼の解剖と役割,視機能,順応,554,1,15,1,7,0,2,1,6,0,2,1,4
598,L,眼の解剖と役割,視機能,視野,555,1,15,0,11,0,2,0,11,0,2,0,8
599,L,眼の解剖と役割,視機能,色覚,556,1,15,0,11,0,2,0,11,0,2,0,8
600,L,眼の検査・治療,眼の検査,視力検査,557,1,15,0,11,0,2,0,11,0,2,0,8
601,L,眼の検査・治療,眼の検査,眼底検査,558,1,15,4,1,0,2,4,1,0,2,0,8
602,L,眼の検査・治療,眼の検査,眼圧検査,559,1,15,0,11,0,2,0,11,0,2,0,8
604,L,眼の検査・治療,眼疾患の治療,点眼薬,560,1,15,4,1,0,2,4,1,0,2,3,1
605,L,眼疾患,結膜疾患,結膜炎,561,1,15,1,7,0,2,1,6,0,2,1,4
609,L,眼疾患,網膜・硝子体疾患,網膜剝離,562,1,15,2,4,0,2,2,3,0,2,1,4
610,L,眼疾患,網膜・硝子体疾患,糖尿病網膜症,563,1,15,0,11,0,2,0,11,0,2,0,8
1082,L,眼疾患,網膜・硝子体疾患,加齢黄斑変性,564,1,15,1,7,0,2,1,6,0,2,0,8
611,L,眼疾患,水晶体疾患,白内障,565,1,15,2,4,0,2,1,6,1,1,2,3
612,L,眼疾患,緑内障,緑内障,566,1,15,4,1,2,1,2,3,0,2,3,1
613,L,眼疾患,その他の眼疾患,斜視,567,1,15,0,11,0,2,0,11,0,2,0,8
614,M,耳鼻咽喉の解剖と生理,耳の解剖と生理,耳,568,1,16,4,1,0,1,4,1,0,4,0,11
615,M,耳鼻咽喉の解剖と生理,鼻の解剖と生理,鼻,569,1,16,1,10,0,1,1,9,0,4,0,11
616,M,耳鼻咽喉の解剖と生理,咽頭・喉頭の解剖と生理,咽頭／喉頭,570,1,16,0,18,0,1,0,17,0,4,0,11
617,M,耳鼻咽喉の解剖と生理,舌の解剖と生理,舌,571,1,16,2,5,0,1,2,4,0,4,0,11
618,M,耳鼻咽喉の主要症候,耳の主要症候,難聴／聴覚障害,572,1,16,4,1,0,1,4,1,0,4,3,1
619,M,耳鼻咽喉の主要症候,耳の主要症候,めまい,573,1,16,1,10,0,1,0,17,1,1,1,6
620,M,耳鼻咽喉の主要症候,鼻の主要症候,鼻出血,574,1,16,1,10,0,1,1,9,0,4,1,6
621,M,耳鼻咽喉の主要症候,鼻の主要症候,嗅覚障害,575,1,16,0,18,0,1,0,17,0,4,0,11
622,M,耳鼻咽喉の主要症候,咽頭・喉頭の主要症候,構音障害,576,1,16,3,3,0,1,2,4,1,1,2,3
624,M,耳鼻咽喉の検査,耳の検査,標準純音聴力検査,577,1,16,0,18,0,1,0,17,0,4,0,11
625,M,耳鼻咽喉の検査,耳の検査,音叉による聴力検査,578,1,16,1,10,0,1,1,9,0,4,0,11
628,M,耳鼻咽喉疾患,耳の疾患,メニエール病,579,1,16,2,5,0,1,2,4,0,4,2,3
629,M,耳鼻咽喉疾患,耳の疾患,突発性難聴,580,1,16,1,10,0,1,1,9,0,4,1,6
630,M,耳鼻咽喉疾患,耳の疾患,中耳炎,581,1,16,2,5,0,1,2,4,0,4,1,6
631,M,耳鼻咽喉疾患,鼻の疾患,鼻アレルギー（アレルギー性鼻炎）,582,1,16,2,5,0,1,2,4,0,4,2,3
632,M,耳鼻咽喉疾患,鼻の疾患,副鼻腔炎,583,1,16,3,3,0,1,3,3,0,4,3,1
634,M,耳鼻咽喉疾患,咽頭・喉頭・口腔の疾患,扁桃炎,584,1,16,2,5,0,1,1,9,1,1,0,11
635,M,耳鼻咽喉疾患,咽頭・喉頭・口腔の疾患,咽頭扁桃肥大（アデノイド増殖症）,585,1,16,0,18,0,1,0,17,0,4,0,11
636,M,耳鼻咽喉疾患,咽頭・喉頭・口腔の疾患,咽頭癌,586,1,16,1,10,0,1,1,9,0,4,1,6
637,M,耳鼻咽喉疾患,咽頭・喉頭・口腔の疾患,喉頭癌,587,1,16,1,10,0,1,1,9,0,4,0,11
638,M,耳鼻咽喉疾患,咽頭・喉頭・口腔の疾患,舌癌,588,1,16,1,10,0,1,1,9,0,4,0,11
639,N,歯・口腔の解剖,歯・口腔の解剖,歯・口腔,589,1,17,4,1,2,1,2,1,0,1,3,1
1083,N,歯・口腔の解剖,歯・口腔の解剖,口腔顎顔面の筋,590,1,17,1,2,0,3,1,2,0,1,1,2
640,N,歯・口腔疾患の治療,歯・口腔疾患の治療,歯・口腔疾患の治療総論,591,1,17,0,5,0,3,0,4,0,1,0,5
641,N,歯・口腔疾患の治療,歯・口腔疾患の治療,抜歯,592,1,17,0,5,0,3,0,4,0,1,0,5
642,N,歯・口腔疾患の治療,歯・口腔疾患の治療,義歯,593,1,17,1,2,1,2,0,4,0,1,1,2
644,N,歯・口腔疾患,歯の疾患,う蝕（虫歯）,594,1,17,0,5,0,3,0,4,0,1,0,5
645,N,歯・口腔疾患,歯周組織の疾患,歯周疾患（歯周病）,595,1,17,1,2,0,3,1,2,0,1,1,2
646,O,皮膚の解剖と生理,皮膚の解剖,表皮・真皮・皮下組織,596,1,18,1,2,0,1,1,1,0,2,1,1
647,O,皮膚の解剖と生理,皮膚の解剖,付属器,597,1,18,1,2,0,1,1,1,0,2,1,1
648,O,皮膚の解剖と生理,皮膚の生理,皮膚の生理,598,1,18,0,8,0,1,0,8,0,2,0,3
649,O,皮膚の症候・検査,皮膚の主要症候,発疹,599,1,18,0,8,0,1,0,8,0,2,0,3
650,O,皮膚の症候・検査,皮膚の検査,理学検査,600,1,18,0,8,0,1,0,8,0,2,0,3
651,O,皮膚の症候・検査,皮膚の検査,アレルギー検査,601,1,18,1,2,0,1,1,1,0,2,0,3
653,O,皮膚疾患の治療,薬物療法,外用薬,602,1,18,0,8,0,1,0,8,0,2,0,3
655,O,皮膚疾患,湿疹／皮膚炎,アトピー性皮膚炎,603,1,18,0,8,0,1,0,8,0,2,0,3
656,O,皮膚疾患,湿疹／皮膚炎,接触皮膚炎,604,1,18,0,8,0,1,0,8,0,2,0,3
657,O,皮膚疾患,蕁麻疹／皮膚瘙痒症,蕁麻疹,605,1,18,0,8,0,1,0,8,0,2,0,3
658,O,皮膚疾患,蕁麻疹／皮膚瘙痒症,老人性皮膚瘙痒症,606,1,18,0,8,0,1,0,8,0,2,0,3
659,O,皮膚疾患,水疱性疾患,水疱性疾患,607,1,18,0,8,0,1,0,8,0,2,0,3
1097,O,皮膚疾患,角化症,乾癬,608,1,18,1,2,0,1,1,1,0,2,0,3
660,O,皮膚疾患,薬剤過敏症（薬疹）,薬剤過敏症（薬疹）,609,1,18,1,2,0,1,1,1,0,2,0,3
661,O,皮膚疾患,皮膚感染症,帯状疱疹,610,1,18,2,1,0,1,1,1,1,1,0,3
662,O,皮膚疾患,皮膚感染症,白癬,611,1,18,0,8,0,1,0,8,0,2,0,3
663,O,皮膚疾患,皮膚感染症,疥癬,612,1,18,1,2,0,1,1,1,0,2,0,3
665,P,女性生殖器の解剖と生理,女性生殖器の解剖,外性器／内性器,613,1,19,1,9,0,3,1,6,0,6,1,6
666,P,女性生殖器の解剖と生理,女性生殖器の解剖,乳房,614,1,19,1,9,0,3,1,6,0,6,0,13
667,P,女性生殖器の解剖と生理,女性生殖器の生理,女性ホルモン,615,1,19,6,1,0,3,6,1,0,6,3,3
668,P,女性生殖器の解剖と生理,女性生殖器の生理,月経,616,1,19,0,17,0,3,0,15,0,6,0,13
669,P,女性生殖器の解剖と生理,女性生殖器の生理,閉経,617,1,19,6,1,2,1,4,2,0,6,6,1
670,P,女性生殖器の解剖と生理,女性生殖器の生理,基礎体温,618,1,19,0,17,0,3,0,15,0,6,0,13
671,P,女性生殖器の診察・検査,女性生殖器の診察,内診（腟腹壁双合診）,619,1,19,0,17,0,3,0,15,0,6,0,13
672,P,女性生殖器の診察・検査,女性生殖器の検査,超音波検査,620,1,19,2,6,0,3,1,6,1,3,1,6
673,P,女性生殖器の診察・検査,女性生殖器の検査,マンモグラフィ,621,1,19,1,9,0,3,1,6,0,6,1,6
674,P,女性生殖器の治療,侵襲的治療,子宮全摘出術,622,1,19,3,5,0,3,1,6,2,1,3,3
675,P,女性生殖器の治療,侵襲的治療,放射線療法,623,1,19,0,17,0,3,0,15,0,6,0,13
676,P,女性生殖器疾患,内分泌の異常,月経異常,624,1,19,1,9,0,3,1,6,0,6,0,13
678,P,女性生殖器疾患,女性のライフサイクルの変化,月経前症候群（PMS）,625,1,19,0,17,0,3,0,15,0,6,0,13
679,P,女性生殖器疾患,女性のライフサイクルの変化,月経困難症,626,1,19,2,6,0,3,0,15,2,1,1,6
680,P,女性生殖器疾患,女性のライフサイクルの変化,更年期障害,627,1,19,4,3,1,2,3,3,0,6,4,2
681,P,女性生殖器疾患,女性のライフサイクルの変化,骨盤臓器脱,628,1,19,1,9,0,3,1,6,0,6,1,6
682,P,女性生殖器疾患,性器の炎症／性感染症,外陰腟炎,629,1,19,1,9,0,3,1,6,0,6,1,6
683,P,女性生殖器疾患,性器の炎症／性感染症,性器クラミジア感染症,630,1,19,1,9,0,3,0,15,1,3,1,6
684,P,女性生殖器疾患,子宮疾患,子宮内膜症,631,1,19,0,17,0,3,0,15,0,6,0,13
685,P,女性生殖器疾患,子宮疾患,子宮筋腫,632,1,19,0,17,0,3,0,15,0,6,0,13
686,P,女性生殖器疾患,子宮疾患,子宮癌総論,633,1,19,0,17,0,3,0,15,0,6,0,13
687,P,女性生殖器疾患,子宮疾患,子宮頸癌,634,1,19,2,6,0,3,2,5,0,6,0,13
688,P,女性生殖器疾患,子宮疾患,子宮体癌（子宮内膜癌）,635,1,19,0,17,0,3,0,15,0,6,0,13
689,P,女性生殖器疾患,子宮疾患,胞状奇胎,636,1,19,0,17,0,3,0,15,0,6,0,13
690,P,女性生殖器疾患,子宮疾患,侵入奇胎／絨毛癌,637,1,19,0,17,0,3,0,15,0,6,0,13
691,P,女性生殖器疾患,卵巣疾患,卵巣腫瘍,638,1,19,0,17,0,3,0,15,0,6,0,13
692,P,女性生殖器疾患,乳房疾患,乳癌,639,1,19,4,3,0,3,3,3,1,3,2,5
693,P,女性生殖器疾患,その他の女性生殖器疾患,不妊症,640,1,19,1,9,0,3,1,6,0,6,0,13
694,老,高齢者の特徴と理解,高齢者に関する統計,高齢者の人口,641,1,20,2,14,1,2,1,14,0,9,2,13
695,老,高齢者の特徴と理解,高齢者に関する統計,高齢者の健康指標,642,1,20,0,25,0,8,0,24,0,9,0,24
696,老,高齢者の特徴と理解,高齢者に関する統計,高齢者の生活,643,1,20,7,3,1,2,6,3,0,9,5,3
697,老,高齢者の特徴と理解,高齢者の特徴,加齢による身体的機能の変化,644,1,20,23,1,7,1,14,1,2,4,18,1
698,老,高齢者の特徴と理解,高齢者の特徴,加齢による認知機能の変化,645,1,20,1,21,0,8,1,14,0,9,1,19
699,老,高齢者の特徴と理解,高齢者の特徴,加齢による心理・社会的機能の変化,646,1,20,1,21,0,8,1,14,0,9,1,19
700,老,高齢者の特徴と理解,高齢者の権利擁護,高齢者の権利擁護,647,1,20,3,10,0,8,3,7,0,9,3,6
701,老,高齢者の特徴と理解,高齢者の権利擁護,高齢者虐待,648,1,20,6,4,0,8,6,3,0,9,3,6
702,老,高齢者の特徴と理解,高齢者の権利擁護,高齢者の安全確保と身体的拘束,649,1,20,2,14,1,2,1,14,0,9,2,13
703,老,高齢者の看護,生活アセスメント,高齢者の生活アセスメント,650,1,20,4,7,0,8,4,5,0,9,3,6
704,老,高齢者の看護,生活アセスメント,高齢者の生活環境の整備,651,1,20,2,14,1,2,0,24,1,7,2,13
705,老,高齢者の看護,生活アセスメント,高齢者の歩行・移動（転倒）,652,1,20,4,7,1,2,1,14,2,4,3,6
1084,老,高齢者の看護,生活アセスメント,高齢者のセクシュアリティ,653,1,20,1,21,0,8,1,14,0,9,1,19
706,老,高齢者の看護,コミュニケーション,高齢者とのコミュニケーション,654,1,20,2,14,0,8,2,9,0,9,2,13
707,老,高齢者の看護,食生活の援助,高齢者の食生活の援助,655,1,20,3,10,0,8,1,14,2,4,3,6
708,老,高齢者の看護,食生活の援助,高齢者の口腔ケア,656,1,20,0,25,0,8,0,24,0,9,0,24
710,老,高齢者の看護,活動と休息,高齢者の活動と休息,657,1,20,4,7,0,8,4,5,0,9,4,4
711,老,高齢者の看護,服薬管理,高齢者の服薬・薬物動態,658,1,20,12,2,0,8,8,2,4,1,8,2
712,老,老年期の主要症候,老年症候群,老年症候群総論,659,1,20,3,10,0,8,2,9,1,7,3,6
713,老,老年期の主要症候,老年症候群,高齢者の脱水,660,1,20,6,4,0,8,2,9,4,1,4,4
714,老,老年期の主要症候,老年症候群,廃用症候群,661,1,20,2,14,1,2,1,14,0,9,2,13
715,老,老年期の主要症候,老年症候群,高齢者の尿失禁／便失禁,662,1,20,5,6,0,8,1,14,4,1,3,6
718,老,老年期疾患,老年期疾患の特徴,高齢者の罹患時の特徴,663,1,20,0,25,0,8,0,24,0,9,0,24
719,老,老年期疾患,老年期疾患の特徴,高齢者の消化管疾患の特徴,664,1,20,3,10,0,8,3,7,0,9,1,19
720,老,老年期疾患,老年期疾患の特徴,高齢者の循環器疾患の特徴,665,1,20,1,21,0,8,1,14,0,9,0,24
721,老,老年期疾患,老年期疾患の特徴,高齢者の内分泌・代謝疾患の特徴,666,1,20,0,25,0,8,0,24,0,9,0,24
722,老,老年期疾患,老年期疾患の特徴,高齢者の腎・泌尿器疾患の特徴,667,1,20,0,25,0,8,0,24,0,9,0,24
723,老,老年期疾患,老年期疾患の特徴,高齢者の呼吸器疾患の特徴,668,1,20,2,14,0,8,2,9,0,9,2,13
725,老,老年期疾患,老年期疾患の特徴,高齢者の運動器疾患の特徴,669,1,20,0,25,0,8,0,24,0,9,0,24
726,老,老年期疾患,老年期疾患の特徴,高齢者の皮膚疾患の特徴,670,1,20,0,25,0,8,0,24,0,9,0,24
727,老,老年期疾患,老年期疾患の特徴,高齢者の生殖器疾患の特徴,671,1,20,0,25,0,8,0,24,0,9,0,24
728,老,老年期疾患,老年期疾患の特徴,高齢者の精神疾患の特徴,672,1,20,2,14,0,8,2,9,0,9,1,19
729,小,小児の成長・発達,小児の成長・発達,成長・発達の原則,673,1,21,6,5,1,5,5,2,0,28,4,6
730,小,小児の成長・発達,小児の成長・発達,発達段階の区分,674,1,21,0,47,0,10,0,28,0,28,0,40
731,小,小児の成長・発達,小児の形態的特徴と成長,形態的特徴と成長,675,1,21,3,13,1,5,2,6,0,28,3,10
732,小,小児の成長・発達,小児の形態的特徴と成長,第二次性徴,676,1,21,6,5,3,2,3,4,0,28,6,4
733,小,小児の成長・発達,小児の機能的特徴と発達,体温調節機能の発達,677,1,21,0,47,0,10,0,28,0,28,0,40
734,小,小児の成長・発達,小児の機能的特徴と発達,消化器系の発達,678,1,21,1,34,0,10,1,16,0,28,1,24
735,小,小児の成長・発達,小児の機能的特徴と発達,循環器系の発達,679,1,21,2,19,2,3,0,28,0,28,2,15
736,小,小児の成長・発達,小児の機能的特徴と発達,内分泌系の発達,680,1,21,0,47,0,10,0,28,0,28,0,40
737,小,小児の成長・発達,小児の機能的特徴と発達,泌尿器系の発達,681,1,21,1,34,0,10,1,16,0,28,1,24
738,小,小児の成長・発達,小児の機能的特徴と発達,免疫系の発達,682,1,21,4,7,1,5,3,4,0,28,3,10
739,小,小児の成長・発達,小児の機能的特徴と発達,血液系の発達,683,1,21,0,47,0,10,0,28,0,28,0,40
740,小,小児の成長・発達,小児の機能的特徴と発達,呼吸器系の発達,684,1,21,2,19,1,5,1,16,0,28,2,15
741,小,小児の成長・発達,小児の機能的特徴と発達,脳・神経系の発達,685,1,21,0,47,0,10,0,28,0,28,0,40
742,小,小児の成長・発達,小児の機能的特徴と発達,睡眠の発達,686,1,21,0,47,0,10,0,28,0,28,0,40
743,小,小児の成長・発達,小児の発達過程,運動・言語・心理社会的発達,687,1,21,20,1,5,1,14,1,1,20,15,1
744,小,小児の成長・発達,小児の発達過程,遊び,688,1,21,2,19,0,10,2,6,0,28,2,15
745,小,小児の成長・発達,小児の成長・発達の評価,成長・発達の評価,689,1,21,4,7,2,3,2,6,0,28,3,10
747,小,小児の成長・発達,小児の成長・発達の評価,発達検査法／知能検査法,690,1,21,1,34,0,10,1,16,0,28,0,40
748,小,小児の栄養,小児の栄養,小児の栄養総論,691,1,21,0,47,0,10,0,28,0,28,0,40
749,小,小児の栄養,小児の栄養,離乳,692,1,21,2,19,0,10,2,6,0,28,0,40
750,小,小児の栄養,小児の栄養,小児の肥満,693,1,21,4,7,0,10,2,6,2,9,2,15
751,小,小児看護,小児看護,小児看護総論,694,1,21,0,47,0,10,0,28,0,28,0,40
752,小,小児看護,小児看護,発達段階に応じた看護,695,1,21,4,7,0,10,0,28,4,4,4,6
753,小,小児看護,小児看護,疾患・障害のある小児の家族への看護,696,1,21,11,3,0,10,2,6,9,1,9,2
754,小,小児看護,小児看護,退院指導,697,1,21,1,34,0,10,0,28,1,20,1,24
755,小,小児看護,小児看護の基礎技術,小児の身体測定,698,1,21,1,34,0,10,1,16,0,28,1,24
756,小,小児看護,小児看護の基礎技術,小児のバイタルサイン測定,699,1,21,0,47,0,10,0,28,0,28,0,40
757,小,小児看護,小児看護の基礎技術,小児への与薬,700,1,21,2,19,0,10,1,16,1,20,2,15
758,小,小児看護,小児看護の基礎技術,小児の検体採取,701,1,21,1,34,0,10,1,16,0,28,0,40
760,小,小児看護,小児看護の基礎技術,小児の救命処置,702,1,21,3,13,0,10,2,6,1,20,1,24
761,小,小児看護,入院中の小児の看護,疾患や入院が小児に与える影響と看護,703,1,21,2,19,0,10,1,16,1,20,2,15
762,小,小児看護,入院中の小児の看護,検査・処置・治療を受ける小児の看護,704,1,21,7,4,0,10,2,6,5,3,6,4
763,小,小児看護,入院中の小児の看護,活動制限が必要な小児の看護,705,1,21,2,19,0,10,0,28,2,9,2,15
765,小,小児看護,入院中の小児の看護,小児の痛みの看護,706,1,21,2,19,0,10,0,28,2,9,2,15
766,小,小児看護,終末期の小児と家族の看護,終末期の小児と家族の看護,707,1,21,4,7,0,10,2,6,2,9,4,6
767,小,小児看護,小児の事故防止と安全対策,事故防止と安全対策,708,1,21,2,19,0,10,0,28,2,9,1,24
768,小,小児看護,児童虐待,児童虐待の現状と対策,709,1,21,3,13,0,10,2,6,1,20,3,10
769,小,小児の主要症候,小児の主要症候,小児の脱水,710,1,21,2,19,0,10,0,28,2,9,1,24
770,小,小児疾患,小児疾患,小児疾患総論,711,1,21,0,47,0,10,0,28,0,28,0,40
1099,小,小児疾患,小児の消化管疾患,先天性食道閉鎖症,712,1,21,3,13,0,10,0,28,3,6,1,24
771,小,小児疾患,小児の消化管疾患,肥厚性幽門狭窄症,713,1,21,3,13,0,10,0,28,3,6,1,24
772,小,小児疾患,小児の消化管疾患,腸重積症,714,1,21,2,19,0,10,0,28,2,9,1,24
773,小,小児疾患,小児の消化管疾患,鎖肛（直腸肛門奇形）,715,1,21,3,13,0,10,0,28,3,6,3,10
774,小,小児疾患,小児の消化管疾患,ヒルシュスプルング病,716,1,21,0,47,0,10,0,28,0,28,0,40
775,小,小児疾患,小児の肝・胆・膵疾患,胆道閉鎖症,717,1,21,1,34,0,10,0,28,1,20,1,24
776,小,小児疾患,小児の先天性心疾患,先天性心疾患,718,1,21,0,47,0,10,0,28,0,28,0,40
778,小,小児疾患,小児の代謝疾患,フェニルケトン尿症,719,1,21,1,34,0,10,1,16,0,28,0,40
779,小,小児疾患,小児の代謝疾患,小児の糖尿病,720,1,21,2,19,0,10,0,28,2,9,2,15
780,小,小児疾患,小児の感染症,小児の感染症総論,721,1,21,0,47,0,10,0,28,0,28,0,40
781,小,小児疾患,小児の感染症,麻疹（はしか）,722,1,21,1,34,0,10,1,16,0,28,0,40
782,小,小児疾患,小児の感染症,風疹（三日はしか）,723,1,21,0,47,0,10,0,28,0,28,0,40
783,小,小児疾患,小児の感染症,水痘（みずぼうそう）,724,1,21,1,34,1,5,0,28,0,28,1,24
784,小,小児疾患,小児の感染症,急性細気管支炎,725,1,21,1,34,0,10,0,28,1,20,1,24
785,小,小児疾患,小児の感染症,百日咳,726,1,21,0,47,0,10,0,28,0,28,0,40
786,小,小児疾患,小児の感染症,流行性耳下腺炎（ムンプス／おたふくかぜ）,727,1,21,2,19,0,10,0,28,2,9,1,24
787,小,小児疾患,小児の感染症,乳幼児下痢症,728,1,21,0,47,0,10,0,28,0,28,0,40
788,小,小児疾患,小児の脳・神経／精神疾患,脳性麻痺,729,1,21,2,19,0,10,0,28,2,9,0,40
789,小,小児疾患,小児の脳・神経／精神疾患,熱性けいれん,730,1,21,0,47,0,10,0,28,0,28,0,40
790,小,小児疾患,小児の脳・神経／精神疾患,神経発達症群／発達障害,731,1,21,13,2,0,10,4,3,9,1,8,3
791,小,小児疾患,小児の悪性新生物,小児の悪性新生物,732,1,21,0,47,0,10,0,28,0,28,0,40
793,小,小児疾患,小児の先天異常,先天異常総論,733,1,21,1,34,0,10,1,16,0,28,1,24
794,小,小児疾患,小児の先天異常,ダウン症候群,734,1,21,1,34,0,10,1,16,0,28,0,40
795,小,小児疾患,小児の先天異常,ターナー症候群,735,1,21,0,47,0,10,0,28,0,28,0,40
796,小,小児疾患,小児の先天異常,口唇裂／口蓋裂,736,1,21,0,47,0,10,0,28,0,28,0,40
797,小,小児疾患,小児の先天異常,二分脊椎,737,1,21,0,47,0,10,0,28,0,28,0,40
798,小,小児疾患,小児の先天異常,先天性水頭症,738,1,21,0,47,0,10,0,28,0,28,0,40
799,小,小児疾患,小児の先天異常,尿道下裂,739,1,21,2,19,0,10,0,28,2,9,1,24
800,小,小児疾患,その他の小児疾患,川崎病,740,1,21,4,7,0,10,0,28,4,4,4,6
801,小,小児疾患,その他の小児疾患,乳幼児突然死症候群（SIDS）,741,1,21,0,47,0,10,0,28,0,28,0,40
802,母,母性看護概論,母性看護の主な概念,母性看護学総論,742,1,22,2,20,0,9,2,8,0,29,2,18
803,母,母性看護概論,母性看護の主な概念,家族計画,743,1,22,6,8,0,9,4,3,2,12,6,6
804,母,母性看護概論,母性看護の主な概念,リプロダクティブ・ヘルス／ライツ,744,1,22,0,47,0,9,0,35,0,29,0,44
805,母,母性看護概論,母性看護の主な概念,セクシュアリティ／ジェンダー,745,1,22,6,8,0,9,6,1,0,29,4,10
806,母,妊娠,妊娠／母体・胎児,生殖細胞,746,1,22,1,31,0,9,1,15,0,29,0,44
807,母,妊娠,妊娠／母体・胎児,妊娠の成立,747,1,22,3,16,0,9,3,4,0,29,1,26
808,母,妊娠,妊娠／母体・胎児,妊娠期間,748,1,22,7,5,2,1,1,15,4,7,5,8
809,母,妊娠,妊娠／母体・胎児,各器官の形成,749,1,22,1,31,0,9,1,15,0,29,0,44
810,母,妊娠,妊娠／母体・胎児,妊娠に伴う母体の変化,750,1,22,5,11,0,9,2,8,3,10,3,13
811,母,妊娠,妊娠／母体・胎児,妊娠に関するホルモン,751,1,22,1,31,1,6,0,35,0,29,1,26
812,母,妊娠,妊娠／母体・胎児,胎児とその付属物,752,1,22,1,31,1,6,0,35,0,29,1,26
813,母,妊娠,妊娠／母体・胎児,胎位・胎向・胎勢,753,1,22,0,47,0,9,0,35,0,29,0,44
814,母,妊娠,妊娠中の観察,腹囲・子宮底長測定,754,1,22,0,47,0,9,0,35,0,29,0,44
815,母,妊娠,妊娠中の観察,胎児の観察,755,1,22,2,20,0,9,1,15,1,19,2,18
816,母,妊娠,妊娠中の検査,超音波検査,756,1,22,0,47,0,9,0,35,0,29,0,44
817,母,妊娠,妊娠中の検査,胎児心拍数モニタリング,757,1,22,6,8,0,9,3,4,3,10,4,10
818,母,妊娠,妊娠中の検査,出生前診断,758,1,22,1,31,0,9,1,15,0,29,1,26
820,母,妊娠,妊婦の看護と保健指導,妊娠に伴う母親と家族の心理的変化,759,1,22,5,11,0,9,1,15,4,7,5,8
822,母,妊娠,妊婦の看護と保健指導,妊婦の保健指導,760,1,22,7,5,0,9,2,8,5,5,6,6
823,母,妊娠,妊婦の看護と保健指導,妊婦の栄養指導,761,1,22,4,15,0,9,0,35,4,7,3,13
824,母,妊娠,妊婦の看護と保健指導,妊娠と薬剤,762,1,22,0,47,0,9,0,35,0,29,0,44
825,母,妊娠,妊婦の看護と保健指導,妊娠と飲酒／喫煙,763,1,22,1,31,0,9,0,35,1,19,1,26
826,母,妊娠,妊婦の看護と保健指導,妊娠と感染,764,1,22,3,16,2,1,1,15,0,29,3,13
827,母,妊娠,妊娠の異常,妊娠悪阻,765,1,22,0,47,0,9,0,35,0,29,0,44
828,母,妊娠,妊娠の異常,流産,766,1,22,2,20,0,9,1,15,1,19,1,26
829,母,妊娠,妊娠の異常,異所性妊娠,767,1,22,0,47,0,9,0,35,0,29,0,44
830,母,妊娠,妊娠の異常,妊娠高血圧症候群（HDP）,768,1,22,0,47,0,9,0,35,0,29,0,44
831,母,妊娠,妊娠の異常,常位胎盤早期剝離,769,1,22,1,31,0,9,1,15,0,29,1,26
832,母,妊娠,妊娠の異常,前置胎盤,770,1,22,1,31,0,9,1,15,0,29,1,26
834,母,妊娠,妊娠の異常,胎児発育不全（FGR）,771,1,22,0,47,0,9,0,35,0,29,0,44
833,母,妊娠,妊娠の異常,多胎妊娠,772,1,22,0,47,0,9,0,35,0,29,0,44
835,母,妊娠,妊娠の異常,血液型不適合妊娠,773,1,22,0,47,0,9,0,35,0,29,0,44
836,母,妊娠,妊娠の異常,早産／切迫早産,774,1,22,2,20,0,9,0,35,2,12,1,26
837,母,妊娠,妊娠の異常,前期破水（PROM）／早期破水,775,1,22,0,47,0,9,0,35,0,29,0,44
839,母,妊娠,合併症妊娠,妊娠性貧血,776,1,22,2,20,0,9,0,35,2,12,2,18
840,母,妊娠,合併症妊娠,妊娠中の糖代謝異常,777,1,22,1,31,0,9,0,35,1,19,1,26
841,母,分娩,正常分娩,分娩経過,778,1,22,5,11,1,6,2,8,2,12,3,13
842,母,分娩,正常分娩,分娩第1期,779,1,22,8,4,0,9,3,4,5,5,8,2
843,母,分娩,正常分娩,分娩第2期,780,1,22,0,47,0,9,0,35,0,29,0,44
844,母,分娩,正常分娩,分娩第3期,781,1,22,0,47,0,9,0,35,0,29,0,44
845,母,分娩,正常分娩,分娩第4期,782,1,22,2,20,0,9,1,15,1,19,2,18
846,母,分娩,異常分娩,微弱陣痛,783,1,22,0,47,0,9,0,35,0,29,0,44
847,母,分娩,異常分娩,骨盤位,784,1,22,0,47,0,9,0,35,0,29,0,44
849,母,分娩,異常分娩,胎児機能不全（NRFS）,785,1,22,0,47,0,9,0,35,0,29,0,44
850,母,分娩,異常分娩,弛緩出血,786,1,22,1,31,0,9,0,35,1,19,0,44
851,母,分娩,異常分娩,子どもを亡くした家族の看護,787,1,22,0,47,0,9,0,35,0,29,0,44
853,母,分娩,産科処置・手術,急速遂娩,788,1,22,0,47,0,9,0,35,0,29,0,44
852,母,分娩,産科処置・手術,帝王切開,789,1,22,2,20,0,9,0,35,2,12,2,18
854,母,産褥,産褥の生理,産褥の経過,790,1,22,11,2,0,9,2,8,9,1,8,2
855,母,産褥,産褥の生理,乳汁分泌,791,1,22,2,20,0,9,0,35,2,12,1,26
856,母,産褥,産褥の看護,母乳栄養／授乳,792,1,22,9,3,2,1,0,35,7,3,7,4
857,母,産褥,産褥の異常,子宮復古不全,793,1,22,1,31,0,9,1,15,0,29,1,26
858,母,産褥,産褥の異常,乳腺炎,794,1,22,1,31,0,9,0,35,1,19,1,26
859,母,産褥,産褥の異常,産褥熱,795,1,22,0,47,0,9,0,35,0,29,0,44
860,母,産褥,産褥の異常,マタニティブルーズ,796,1,22,1,31,0,9,1,15,0,29,1,26
861,母,産褥,産褥の異常,産後うつ病,797,1,22,1,31,0,9,1,15,0,29,1,26
865,母,新生児,新生児の生理・反射,新生児の定義と特徴,798,1,22,15,1,2,1,5,2,8,2,9,1
866,母,新生児,新生児の生理・反射,新生児・乳児の反射,799,1,22,5,11,2,1,3,4,0,29,4,10
863,母,新生児,新生児の観察・検査・看護,新生児の観察,800,1,22,2,20,0,9,1,15,1,19,2,18
1077,母,新生児,新生児の観察・検査・看護,新生児の検査,801,1,22,2,20,0,9,2,8,0,29,2,18
864,母,新生児,新生児の観察・検査・看護,新生児の看護,802,1,22,7,5,0,9,1,15,6,4,7,4
867,母,新生児,新生児の主要症候・疾患,低出生体重児,803,1,22,0,47,0,9,0,35,0,29,0,44
868,母,新生児,新生児の主要症候・疾患,新生児の呼吸障害,804,1,22,2,20,0,9,1,15,1,19,1,26
869,母,新生児,新生児の主要症候・疾患,新生児黄疸,805,1,22,3,16,0,9,1,15,2,12,3,13
870,母,新生児,新生児の主要症候・疾患,新生児ビタミンK欠乏性出血症,806,1,22,1,31,0,9,1,15,0,29,1,26
871,母,新生児,新生児の主要症候・疾患,産瘤／頭血腫／帽状腱膜下血腫,807,1,22,1,31,0,9,1,15,0,29,1,26
872,母,新生児,新生児の主要症候・疾患,新生児にみられる皮疹・母斑,808,1,22,3,16,0,9,2,8,1,19,2,18
873,精,精神保健,社会における精神保健,精神の健康,809,1,23,6,8,0,5,6,3,0,22,5,8
874,精,精神保健,社会における精神保健,精神の健康に関する普及・啓発,810,1,23,2,22,0,5,2,7,0,22,2,17
875,精,精神保健,精神の健康とその仕組み,ストレス・コーピング,811,1,23,3,16,1,1,2,7,0,22,1,22
876,精,精神保健,精神の健康とその仕組み,防衛機制,812,1,23,4,12,0,5,3,5,1,15,3,11
877,精,精神保健,精神の健康とその仕組み,危機介入,813,1,23,3,16,1,1,2,7,0,22,3,11
878,精,精神看護,精神看護,精神看護理論,814,1,23,1,29,0,5,1,18,0,22,0,30
879,精,精神看護,精神看護,精神疾患患者とのかかわり方,815,1,23,10,4,0,5,7,1,3,10,7,4
880,精,精神看護,精神看護,精神疾患患者の家族支援,816,1,23,11,3,0,5,1,18,10,1,11,3
881,精,精神看護,精神看護,リエゾン精神看護,817,1,23,1,29,0,5,1,18,0,22,1,22
883,精,精神看護,安全管理（セーフティマネジメント）,病棟環境の整備と行動制限,818,1,23,7,6,0,5,6,3,1,15,5,8
884,精,精神看護,安全管理（セーフティマネジメント）,自殺／自殺企図／自傷行為,819,1,23,5,10,0,5,1,18,4,7,3,11
885,精,精神看護,安全管理（セーフティマネジメント）,攻撃／暴力,820,1,23,4,12,0,5,3,5,1,15,3,11
886,精,精神看護,自立を促す援助,症状マネジメント,821,1,23,6,8,0,5,0,27,6,5,6,6
887,精,精神看護,自立を促す援助,社会復帰の支援,822,1,23,15,1,0,5,7,1,8,3,12,1
888,精,精神科の主要症状,精神科の主要症状,精神症状総論,823,1,23,0,32,0,5,0,27,0,22,0,30
889,精,精神科の主要症状,精神科の主要症状,せん妄,824,1,23,13,2,1,1,2,7,10,1,12,1
890,精,精神科の主要症状,精神科の主要症状,幻覚,825,1,23,0,32,0,5,0,27,0,22,0,30
891,精,精神科の主要症状,精神科の主要症状,妄想,826,1,23,2,22,0,5,1,18,1,15,2,17
892,精,精神科の主要症状,精神科の主要症状,昏迷,827,1,23,0,32,0,5,0,27,0,22,0,30
1088,精,精神科の検査・治療,精神科の検査,精神科の検査,828,1,23,0,32,0,5,0,27,0,22,0,30
903,精,精神科の検査・治療,精神科の治療,薬物療法,829,1,23,0,32,0,5,0,27,0,22,0,30
897,精,精神科の検査・治療,精神科の治療,認知療法／認知行動療法,830,1,23,1,29,0,5,1,18,0,22,1,22
899,精,精神科の検査・治療,精神科の治療,社会生活技能訓練（SST）,831,1,23,2,22,0,5,2,7,0,22,1,22
898,精,精神科の検査・治療,精神科の治療,集団精神療法,832,1,23,3,16,0,5,2,7,1,15,2,17
900,精,精神科の検査・治療,精神科の治療,リラクセーション法,833,1,23,2,22,0,5,2,7,0,22,1,22
901,精,精神科の検査・治療,精神科の治療,作業療法,834,1,23,0,32,0,5,0,27,0,22,0,30
902,精,精神科の検査・治療,精神科の治療,レクリエーション療法,835,1,23,0,32,0,5,0,27,0,22,0,30
904,精,精神科の検査・治療,精神科の治療,修正型電気けいれん療法,836,1,23,3,16,0,5,2,7,1,15,1,22
905,精,精神疾患,精神疾患総論,精神疾患の分類,837,1,23,0,32,0,5,0,27,0,22,0,30
906,精,精神疾患,症状性を含む器質性精神障害,器質性精神障害／症状性精神障害,838,1,23,0,32,0,5,0,27,0,22,0,30
907,精,精神疾患,精神作用物質使用による精神・行動の障害,アルコール依存症,839,1,23,9,5,0,5,2,7,7,4,6,6
908,精,精神疾患,精神作用物質使用による精神・行動の障害,薬物依存,840,1,23,3,16,0,5,0,27,3,10,3,11
909,精,精神疾患,統合失調症,統合失調症,841,1,23,7,6,0,5,2,7,5,6,7,4
910,精,精神疾患,気分（感情）障害,気分（感情）障害総論,842,1,23,0,32,0,5,0,27,0,22,0,30
911,精,精神疾患,気分（感情）障害,うつ病,843,1,23,4,12,1,1,0,27,3,10,4,10
912,精,精神疾患,気分（感情）障害,双極性障害（躁うつ病）,844,1,23,2,22,0,5,0,27,2,13,2,17
913,精,精神疾患,神経症性障害・ストレス関連障害・身体表現性障害,不安障害,845,1,23,2,22,0,5,1,18,1,15,0,30
914,精,精神疾患,神経症性障害・ストレス関連障害・身体表現性障害,強迫性障害,846,1,23,4,12,0,5,0,27,4,7,3,11
915,精,精神疾患,神経症性障害・ストレス関連障害・身体表現性障害,心的外傷後ストレス障害（PTSD）,847,1,23,0,32,0,5,0,27,0,22,0,30
918,精,精神疾患,生理的障害・身体的要因に関連した行動症候群,神経性無食欲症（神経性やせ症）,848,1,23,5,10,0,5,1,18,4,7,2,17
919,精,精神疾患,生理的障害・身体的要因に関連した行動症候群,睡眠障害,849,1,23,2,22,0,5,2,7,0,22,1,22
920,精,精神疾患,成人の人格・行動の障害,境界性パーソナリティ障害,850,1,23,3,16,0,5,1,18,2,13,1,22
921,精,精神疾患,心身症,心身症,851,1,23,0,32,0,5,0,27,0,22,0,30
922,在,地域・在宅看護概論,地域・在宅看護の主な概念,地域・在宅看護総論,852,1,24,3,11,0,3,1,10,2,5,2,10
923,在,地域・在宅看護概論,地域・在宅看護の主な概念,地域包括ケアシステム,853,1,24,7,4,0,3,6,3,1,9,4,8
926,在,地域・在宅看護概論,地域・在宅看護の主な概念,在宅における多職種連携,854,1,24,3,11,0,3,1,10,2,5,2,10
924,在,地域・在宅看護概論,地域・在宅看護の主な概念,継続看護,855,1,24,12,1,0,3,5,5,7,1,11,1
925,在,地域・在宅看護概論,地域・在宅看護の主な概念,家族看護,856,1,24,12,1,2,1,9,1,1,9,11,1
927,在,地域・在宅看護概論,訪問看護,訪問看護の制度,857,1,24,8,3,0,3,8,2,0,14,5,7
928,在,地域・在宅看護概論,訪問看護,訪問看護ステーション,858,1,24,6,8,2,1,4,6,0,14,6,3
929,在,地域・在宅看護技術,在宅における生活援助技術,療養者の自立支援,859,1,24,2,14,0,3,1,10,1,9,2,10
930,在,地域・在宅看護技術,在宅における生活援助技術,食事,860,1,24,0,19,0,3,0,18,0,14,0,17
931,在,地域・在宅看護技術,在宅における生活援助技術,排泄,861,1,24,5,10,0,3,2,9,3,4,2,10
932,在,地域・在宅看護技術,在宅における生活援助技術,清潔,862,1,24,1,15,0,3,1,10,0,14,0,17
933,在,地域・在宅看護技術,在宅における生活援助技術,療養環境,863,1,24,7,4,0,3,6,3,1,9,6,3
934,在,地域・在宅看護技術,在宅における医療管理,医療管理,864,1,24,1,15,0,3,0,18,1,9,1,15
935,在,地域・在宅看護技術,在宅における医療管理,在宅での薬物療法,865,1,24,0,19,0,3,0,18,0,14,0,17
936,在,地域・在宅看護技術,在宅における医療管理,在宅酸素療法（HOT）,866,1,24,7,4,0,3,3,8,4,3,6,3
937,在,地域・在宅看護技術,在宅における医療管理,在宅人工呼吸療法（HMV）,867,1,24,7,4,0,3,1,10,6,2,4,8
938,在,地域・在宅看護技術,在宅における医療管理,在宅経腸栄養法（経鼻経管／胃瘻・腸瘻）,868,1,24,1,15,0,3,1,10,0,14,0,17
939,在,地域・在宅看護技術,在宅における医療管理,在宅中心静脈栄養（HPN）,869,1,24,1,15,0,3,1,10,0,14,1,15
941,在,在宅における看護の実際,状態別看護,認知症の在宅療養者,870,1,24,3,11,0,3,1,10,2,5,2,10
942,在,在宅における看護の実際,状態別看護,難病の在宅療養者,871,1,24,0,19,0,3,0,18,0,14,0,17
943,在,在宅における看護の実際,状態別看護,終末期の在宅療養者,872,1,24,6,8,0,3,4,6,2,5,6,3
944,統,看護におけるマネジメント,看護管理,看護管理／看護ケア提供システム,873,1,26,8,5,0,4,8,4,0,8,6,6
945,統,看護におけるマネジメント,看護師のキャリア,継続教育／キャリア開発,874,1,26,2,11,0,4,2,10,0,8,2,10
947,統,看護におけるマネジメント,情報のマネジメント,医療情報の利活用と管理,875,1,26,0,17,0,4,0,17,0,8,0,15
1086,統,看護におけるマネジメント,情報のマネジメント,個人情報の保護と管理,876,1,26,3,9,0,4,3,8,0,8,1,11
948,統,看護におけるマネジメント,情報のマネジメント,診療情報の提供,877,1,26,3,9,0,4,2,10,1,4,3,8
949,統,看護におけるマネジメント,情報のマネジメント,診療情報などの電子化と医療情報システム,878,1,26,1,14,0,4,1,13,0,8,1,11
950,統,看護におけるマネジメント,医療事故の防止,医療安全管理,879,1,26,14,2,3,1,10,2,1,4,12,1
951,統,看護におけるマネジメント,医療事故の防止,インシデント／アクシデント,880,1,26,6,8,0,4,5,6,1,4,6,6
952,統,看護におけるマネジメント,医療事故の防止,医療事故／医療過誤,881,1,26,2,11,0,4,2,10,0,8,1,11
953,統,看護におけるマネジメント,看護の質の保証,看護の質の保証,882,1,26,1,14,0,4,1,13,0,8,0,15
954,統,看護におけるマネジメント,看護政策と行政,看護政策と行政,883,1,26,0,17,0,4,0,17,0,8,0,15
955,統,災害看護／国際看護,災害看護,災害の定義とサイクル,884,1,26,15,1,1,3,11,1,3,3,10,2
956,統,災害看護／国際看護,災害看護,こころのケア,885,1,26,12,3,0,4,8,4,4,1,9,3
957,統,災害看護／国際看護,災害看護,トリアージ,886,1,26,7,6,3,1,4,7,0,8,3,8
958,統,災害看護／国際看護,国際看護,グローバル化と看護,887,1,26,2,11,0,4,1,13,1,4,1,11
959,統,災害看護／国際看護,国際看護,多様な文化と看護,888,1,26,7,6,0,4,3,8,4,1,7,5
960,統,災害看護／国際看護,国際看護,国際協力,889,1,26,10,4,0,4,10,2,0,8,8,4
961,統,災害看護／国際看護,国際看護,国際疫学・統計,890,1,26,1,14,0,4,1,13,0,8,0,15
962,社,統計,人口静態,人口構成,891,1,25,6,14,5,8,1,49,0,13,5,12
963,社,統計,人口静態,人口指数,892,1,25,0,90,0,38,0,81,0,13,0,68
964,社,統計,人口静態,世帯構造,893,1,25,8,9,6,5,2,29,0,13,7,8
965,社,統計,人口静態,労働力人口,894,1,25,2,46,1,24,1,49,0,13,0,68
966,社,統計,人口動態,出生数／出生率,895,1,25,3,35,1,24,2,29,0,13,3,22
967,社,統計,人口動態,合計特殊出生率,896,1,25,1,64,1,24,0,81,0,13,1,48
968,社,統計,人口動態,総再生産率／純再生産率,897,1,25,0,90,0,38,0,81,0,13,0,68
969,社,統計,人口動態,死亡数／死亡率／年齢調整死亡率,898,1,25,2,46,2,13,0,81,0,13,2,32
970,社,統計,人口動態,死因／死因別死亡統計,899,1,25,5,19,1,24,4,10,0,13,5,12
971,社,統計,人口動態,悪性新生物,900,1,25,2,46,2,13,0,81,0,13,2,32
972,社,統計,人口動態,不慮の事故,901,1,25,2,46,0,38,2,29,0,13,1,48
973,社,統計,人口動態,自殺,902,1,25,0,90,0,38,0,81,0,13,0,68
974,社,統計,人口動態,婚姻／離婚,903,1,25,3,35,2,13,1,49,0,13,2,32
975,社,統計,健康状態と受療状況,平均寿命,904,1,25,6,14,6,5,0,81,0,13,6,10
976,社,統計,健康状態と受療状況,健康寿命,905,1,25,3,35,1,24,2,29,0,13,3,22
977,社,統計,健康状態と受療状況,有訴者率／通院者率,906,1,25,5,19,4,10,1,49,0,13,4,15
979,社,統計,健康状態と受療状況,受療率,907,1,25,4,24,2,13,2,29,0,13,2,32
1093,社,統計,健康状態と受療状況,総患者数,908,1,25,1,64,0,38,1,49,0,13,1,48
978,社,統計,健康状態と受療状況,病院病床数,909,1,25,1,64,0,38,1,49,0,13,0,68
980,社,統計,健康状態と受療状況,平均在院日数,910,1,25,2,46,1,24,1,49,0,13,1,48
981,社,統計,健康状態と受療状況,国民健康・栄養調査,911,1,25,10,5,8,2,2,29,0,13,9,4
1073,社,統計,母子保健統計,母子保健統計の概要,912,1,25,0,90,0,38,0,81,0,13,0,68
982,社,統計,母子保健統計,妊産婦死亡,913,1,25,1,64,0,38,1,49,0,13,0,68
984,社,統計,母子保健統計,人工妊娠中絶,914,1,25,0,90,0,38,0,81,0,13,0,68
983,社,統計,母子保健統計,死産,915,1,25,1,64,0,38,1,49,0,13,0,68
985,社,統計,母子保健統計,周産期死亡,916,1,25,1,64,0,38,1,49,0,13,0,68
986,社,統計,母子保健統計,新生児死亡／乳児死亡,917,1,25,1,64,0,38,1,49,0,13,0,68
987,社,統計,精神保健統計,精神保健の動向,918,1,25,1,64,0,38,1,49,0,13,0,68
988,社,統計,学校保健統計,学校保健統計調査,919,1,25,1,64,1,24,0,81,0,13,1,48
991,社,統計,看護師の就業状況,看護師の就業状況,920,1,25,1,64,1,24,0,81,0,13,1,48
992,社,健康と公衆衛生,健康と公衆衛生の概念,健康の概念,921,1,25,2,46,1,24,1,49,0,13,2,32
993,社,健康と公衆衛生,公衆衛生に関する理念,プライマリヘルスケア,922,1,25,1,64,0,38,1,49,0,13,1,48
994,社,健康と公衆衛生,公衆衛生に関する理念,ヘルスプロモーション,923,1,25,0,90,0,38,0,81,0,13,0,68
1079,社,健康と公衆衛生,疫学の概念,疫学の概念,924,1,25,1,64,0,38,1,49,0,13,1,48
995,社,社会保障,社会保障制度,社会保障制度の概要,925,1,25,1,64,0,38,1,49,0,13,1,48
996,社,社会保障,社会保障制度,社会保障制度改革,926,1,25,0,90,0,38,0,81,0,13,0,68
997,社,社会保険,社会保険制度,社会保険制度の概要,927,1,25,0,90,0,38,0,81,0,13,0,68
998,社,社会保険,社会保険制度,公的年金制度の概要,928,1,25,1,64,0,38,1,49,0,13,0,68
999,社,社会保険,医療保険制度,医療保険制度の概要,929,1,25,10,5,5,8,5,6,0,13,8,6
1000,社,社会保険,医療保険制度,国民医療費,930,1,25,3,35,2,13,1,49,0,13,2,32
1001,社,社会保険,医療保険制度,診療報酬,931,1,25,1,64,0,38,1,49,0,13,0,68
1002,社,社会保険,医療保険制度,高齢者医療確保法／後期高齢者医療制度,932,1,25,4,24,2,13,2,29,0,13,3,22
1003,社,社会保険,公費負担医療制度,公費負担医療制度の概要,933,1,25,0,90,0,38,0,81,0,13,0,68
1004,社,社会保険,公費負担医療制度,難病対策／難病法,934,1,25,4,24,0,38,3,20,1,5,1,48
1005,社,社会保険,公費負担医療制度,小児の公費負担医療制度,935,1,25,3,35,0,38,2,29,1,5,2,32
1006,社,社会保険,介護保険制度,介護保険制度の概要,936,1,25,15,1,8,2,7,3,0,13,13,1
1007,社,社会保険,介護保険制度,居宅サービス,937,1,25,3,35,0,38,0,81,3,2,3,22
1008,社,社会保険,介護保険制度,施設サービス,938,1,25,6,14,2,13,4,10,0,13,4,15
1009,社,社会保険,介護保険制度,地域密着型サービス,939,1,25,7,11,0,38,5,6,2,4,5,12
1010,社,社会保険,介護保険制度,居宅介護における福祉用具と住宅改修,940,1,25,2,46,0,38,2,29,0,13,1,48
1011,社,社会保険,介護保険制度,地域支援事業／地域包括支援センター,941,1,25,9,7,4,10,4,10,1,5,8,6
1012,社,保健／医療,地域保健,地域保健法,942,1,25,5,19,3,12,2,29,0,13,4,15
1013,社,保健／医療,成人保健,健康日本21,943,1,25,4,24,2,13,2,29,0,13,3,22
1014,社,保健／医療,成人保健,健康増進法,944,1,25,2,46,0,38,2,29,0,13,1,48
1015,社,保健／医療,成人保健,がん対策基本法,945,1,25,3,35,0,38,3,20,0,13,1,48
1076,社,保健／医療,高齢者保健,認知症施策,946,1,25,1,64,0,38,1,49,0,13,1,48
1074,社,保健／医療,母子保健,母子保健対策の概要,947,1,25,2,46,0,38,2,29,0,13,0,68
1016,社,保健／医療,母子保健,母子保健法,948,1,25,4,24,0,38,4,10,0,13,1,48
1017,社,保健／医療,母子保健,母体保護法,949,1,25,3,35,0,38,3,20,0,13,3,22
1019,社,保健／医療,母子保健,母子保健関連の届出,950,1,25,1,64,0,38,1,49,0,13,0,68
1020,社,保健／医療,母子保健,少子化社会対策,951,1,25,1,64,0,38,1,49,0,13,0,68
1021,社,保健／医療,母子保健,その他の母子保健対策,952,1,25,1,64,0,38,1,49,0,13,0,68
1022,社,保健／医療,精神保健,精神保健福祉法,953,1,25,15,1,0,38,14,1,1,5,9,4
1023,社,保健／医療,精神保健,医療観察法,954,1,25,0,90,0,38,0,81,0,13,0,68
1024,社,保健／医療,精神保健,自殺対策基本法,955,1,25,3,35,0,38,3,20,0,13,0,68
1025,社,保健／医療,精神保健,犯罪被害者等基本法,956,1,25,0,90,0,38,0,81,0,13,0,68
1090,社,保健／医療,精神保健,依存症対策,957,1,25,1,64,0,38,1,49,0,13,0,68
1026,社,保健／医療,学校保健,学校保健安全法,958,1,25,2,46,0,38,2,29,0,13,0,68
1027,社,保健／医療,産業保健,労働基準法,959,1,25,4,24,1,24,3,20,0,13,3,22
1028,社,保健／医療,産業保健,男女雇用機会均等法,960,1,25,4,24,0,38,3,20,1,5,4,15
1091,社,保健／医療,産業保健,高年齢者雇用安定法,961,1,25,1,64,0,38,1,49,0,13,1,48
1029,社,保健／医療,産業保健,育児・介護休業法,962,1,25,5,19,0,38,4,10,1,5,3,22
1030,社,保健／医療,産業保健,労働安全衛生法／健康診断,963,1,25,7,11,2,13,5,6,0,13,6,10
1031,社,保健／医療,産業保健,労災保険法,964,1,25,3,35,0,38,3,20,0,13,2,32
1032,社,保健／医療,産業保健,過重労働による健康障害防止のための総合対策,965,1,25,0,90,0,38,0,81,0,13,0,68
1033,社,保健／医療,産業保健,ワーク・ライフ・バランス,966,1,25,2,46,1,24,1,49,0,13,1,48
1034,社,社会福祉,社会福祉,社会福祉法,967,1,25,4,24,0,38,3,20,1,5,2,32
1035,社,社会福祉,児童福祉,児童の権利,968,1,25,1,64,0,38,1,49,0,13,0,68
1036,社,社会福祉,児童福祉,児童福祉法,969,1,25,7,11,0,38,6,4,1,5,4,15
1037,社,社会福祉,児童福祉,児童虐待防止法,970,1,25,2,46,0,38,2,29,0,13,1,48
1038,社,社会福祉,障害者福祉,国際生活機能分類（ICF）,971,1,25,2,46,0,38,2,29,0,13,2,32
1039,社,社会福祉,障害者福祉,ノーマライゼーション,972,1,25,1,64,0,38,1,49,0,13,1,48
1040,社,社会福祉,障害者福祉,障害者基本法,973,1,25,0,90,0,38,0,81,0,13,0,68
1041,社,社会福祉,障害者福祉,障害者総合支援法,974,1,25,8,9,0,38,4,10,4,1,2,32
1078,社,社会福祉,障害者福祉,その他の障害者に関する法規,975,1,25,1,64,0,38,1,49,0,13,0,68
1048,社,社会福祉,高齢者福祉,老人福祉法,976,1,25,2,46,0,38,2,29,0,13,0,68
1049,社,社会福祉,その他の福祉,成年後見制度,977,1,25,2,46,0,38,2,29,0,13,2,32
1051,社,社会福祉,その他の福祉,DV防止法,978,1,25,4,24,0,38,4,10,0,13,4,15
1052,社,社会福祉,その他の福祉,生活保護法,979,1,25,3,35,0,38,3,20,0,13,3,22
1053,社,感染症,感染症対策,感染症法,980,1,25,6,14,1,24,5,6,0,13,2,32
1054,社,感染症,感染症対策,人獣共通感染症,981,1,25,1,64,0,38,1,49,0,13,0,68
1055,社,感染症,感染症対策,予防接種法,982,1,25,4,24,0,38,4,10,0,13,0,68
1056,社,環境保健,地球環境,環境の変化と健康への影響,983,1,25,6,14,6,5,0,81,0,13,4,15
1057,社,環境保健,生活環境,食品保健,984,1,25,2,46,0,38,2,29,0,13,1,48
1058,社,環境保健,生活環境,廃棄物処理,985,1,25,0,90,0,38,0,81,0,13,0,68
1059,社,環境保健,生活環境,上水道と下水道,986,1,25,0,90,0,38,0,81,0,13,0,68
1060,社,環境保健,生活環境,居住／生活環境と健康,987,1,25,2,46,2,13,0,81,0,13,2,32
1061,社,関係法規,その他の関係法規,医療法,988,1,25,15,1,7,4,8,2,0,13,10,3
1063,社,関係法規,その他の関係法規,保健師助産師看護師法,989,1,25,14,4,10,1,4,10,0,13,11,2
1064,社,関係法規,その他の関係法規,看護師等人材確保法,990,1,25,5,19,1,24,4,10,0,13,3,22
1065,社,関係法規,その他の関係法規,他職種に関する規定,991,1,25,9,7,0,38,6,4,3,2,7,8
1068,社,関係法規,その他の関係法規,医薬品医療機器等法（旧・薬事法）,992,1,25,4,24,2,13,2,29,0,13,2,32
1069,社,関係法規,その他の関係法規,麻薬及び向精神薬取締法,993,1,25,2,46,1,24,1,49,0,13,2,32
1070,社,関係法規,その他の関係法規,臓器移植法,994,1,25,1,64,0,38,1,49,0,13,0,68
195,A,消化管疾患の症候・観察・検査,消化管の検査,検体検査,9999,1,4,0,28,0,12,0,22,0,8,0,21
331,D,内分泌・代謝系疾患,栄養の異常,微量元素の異常,9999,1,7,0,27,0,8,0,23,0,7,0,20
128,成,成人の健康と生活,職業に関連する健康問題,災害性腰痛,9999,0,3,0,42,0,17,0,34,0,20,0,39
591,K,運動器疾患,脊椎・脊髄疾患,頸椎椎間板ヘルニア,9999,0,14,0,22,0,4,0,19,0,9,0,14
592,K,運動器疾患,脊椎・脊髄疾患,腰椎椎間板ヘルニア,9999,0,14,0,22,0,4,0,19,0,9,0,14
894,精,精神科の主要症状,精神科の主要症状,もうろう状態／アメンチア,9999,0,23,0,32,0,5,0,27,0,22,0,30
895,精,精神科の検査・治療,精神科の検査,知能検査,9999,0,23,0,32,0,5,0,27,0,22,0,30
896,精,精神科の検査・治療,精神科の検査,人格検査,9999,0,23,0,32,0,5,0,27,0,22,0,30
916,精,精神疾患,神経症性障害・ストレス関連障害・身体表現性障害,解離性（転換性）障害,9999,0,23,0,32,0,5,0,27,0,22,0,30
917,精,精神疾患,神経症性障害・ストレス関連障害・身体表現性障害,身体表現性障害,9999,0,23,0,32,0,5,0,27,0,22,0,30
588,K,運動器疾患,脊椎・脊髄疾患,脊椎損傷,9999,0,14,0,22,0,4,0,19,0,9,0,14
483,I,呼吸器系の症候・観察・検査,呼吸器系の検査,肺生検,9999,0,12,0,28,0,10,0,17,0,16,0,19
506,I,呼吸器疾患,胸膜・縦隔疾患,胸膜炎,9999,0,12,0,28,0,10,0,17,0,16,0,19
579,K,運動器疾患,骨折,上腕骨顆上骨折,9999,0,14,0,22,0,4,0,19,0,9,0,14
581,K,運動器疾患,骨折,大腿骨頸部骨折,9999,0,14,0,22,0,4,0,19,0,9,0,14
322,D,内分泌・代謝系疾患,糖代謝異常,低血糖症,9999,0,7,0,27,0,8,0,23,0,7,0,20
746,小,小児の成長・発達,小児の成長・発達の評価,乳幼児健康診査,9999,0,21,0,47,0,10,0,28,0,28,0,40
312,D,内分泌・代謝系疾患,甲状腺疾患,亜急性甲状腺炎,9999,0,7,0,27,0,8,0,23,0,7,0,20
391,F,膠原病,膠原病／膠原病類縁疾患,混合性結合組織病（MCTD）,9999,0,9,0,8,0,2,0,8,0,3,0,6
1081,F,膠原病,膠原病／膠原病類縁疾患,血管炎症候群,9999,0,9,0,8,0,2,0,8,0,3,0,6
946,統,看護におけるマネジメント,看護師のキャリア,専門・認定看護師制度,9999,0,26,0,17,0,4,0,17,0,8,0,15
240,B,肝・胆・膵疾患,その他の肝疾患,薬剤性肝障害,9999,0,5,0,23,0,10,0,16,0,11,0,19
241,B,肝・胆・膵疾患,その他の肝疾患,自己免疫性肝炎（AIH）,9999,0,5,0,23,0,10,0,16,0,11,0,19
104,基,診察・治療に伴う技術,与薬,薬剤の管理,9999,0,2,0,64,0,48,0,58,0,20,0,60
112,基,診察・治療に伴う技術,生体検査,ME機器,9999,0,2,0,64,0,48,0,58,0,20,0,60
88,基,基本的日常生活援助技術,清潔・衣生活の援助,清潔ケア,9999,0,2,0,64,0,48,0,58,0,20,0,60
1102,小,小児疾患,小児の脳・神経／精神疾患,知的障害,9999,0,21,0,47,0,10,0,28,0,28,0,40
1101,社,社会福祉,障害者福祉,医療的ケア児及びその家族に対する支援に関する法律,9999,0,25,0,90,0,38,0,81,0,13,0,68
563,J,脳・神経疾患,頭部外傷,慢性硬膜下血腫,9999,0,13,0,40,0,16,0,29,0,14,0,28
184,A,消化管の解剖と生理,消化管の生理と機能,腸内細菌叢,9999,0,4,0,28,0,12,0,22,0,8,0,21
509,I,呼吸器疾患,その他の呼吸器疾患,気管支拡張症,9999,0,12,0,28,0,10,0,17,0,16,0,19
569,K,運動器の観察・検査,運動器の主要症候,フォルクマン拘縮,9999,0,14,0,22,0,4,0,19,0,9,0,14
582,K,運動器疾患,骨折,大腿骨転子部骨折,9999,0,14,0,22,0,4,0,19,0,9,0,14
583,K,運動器疾患,脱臼,脱臼総論,9999,0,14,0,22,0,4,0,19,0,9,0,14
584,K,運動器疾患,脱臼,発育性股関節形成不全,9999,0,14,0,22,0,4,0,19,0,9,0,14
603,L,眼の検査・治療,眼疾患の治療,コンタクトレンズ,9999,0,15,0,11,0,2,0,11,0,2,0,8
425,G,血液・造血器疾患,出血性疾患,特発性（免疫性）血小板減少性紫斑病（ITP）,9999,0,10,0,17,0,6,0,14,0,5,0,14
426,G,血液・造血器疾患,出血性疾患,血栓性血小板減少性紫斑病（TTP）,9999,0,10,0,17,0,6,0,14,0,5,0,14
259,C,循環器系の症候・観察・検査,循環器系の主要症候,頸静脈怒張,9999,0,6,0,27,0,11,0,24,0,7,0,22
399,G,血液・造血器総論,血液の働き,鉄の代謝,9999,0,10,0,17,0,6,0,14,0,5,0,14
402,G,血液・造血器の主要症候・検査・治療,血液・造血器の主要症候,汎血球減少,9999,0,10,0,17,0,6,0,14,0,5,0,14
421,G,血液・造血器疾患,造血器腫瘍,成人T細胞白血病（ATL）,9999,0,10,0,17,0,6,0,14,0,5,0,14
606,L,眼疾患,結膜疾患,アレルギー性結膜炎,9999,0,15,0,11,0,2,0,11,0,2,0,8
607,L,眼疾患,結膜疾患,ウイルス性結膜炎,9999,0,15,0,11,0,2,0,11,0,2,0,8
608,L,眼疾患,結膜疾患,細菌性結膜炎,9999,0,15,0,11,0,2,0,11,0,2,0,8
759,小,小児看護,小児看護の基礎技術,小児の経鼻胃管栄養法,9999,0,21,0,47,0,10,0,28,0,28,0,40
792,小,小児疾患,小児の悪性新生物,ウィルムス腫瘍（腎芽腫）,9999,0,21,0,47,0,10,0,28,0,28,0,40
459,H,ウイルス・真菌感染症,ウイルス感染症,単純ヘルペスウイルス感染症,9999,0,11,0,15,0,5,0,11,0,4,0,13
460,H,ウイルス・真菌感染症,ウイルス感染症,水痘／帯状疱疹,9999,0,11,0,15,0,5,0,11,0,4,0,13
821,母,妊娠,妊婦の看護と保健指導,出産準備教室,9999,0,22,0,47,0,9,0,35,0,29,0,44
838,母,妊娠,妊娠の異常,過期妊娠,9999,0,22,0,47,0,9,0,35,0,29,0,44
862,母,新生児,新生児の観察・検査・看護,新生児の定義と特徴,9999,0,22,0,47,0,9,0,35,0,29,0,44
1018,社,保健／医療,母子保健,健やか親子21,9999,0,25,0,90,0,38,0,81,0,13,0,68
420,G,血液・造血器疾患,造血器腫瘍,慢性リンパ性白血病（CLL）,9999,0,10,0,17,0,6,0,14,0,5,0,14
121,成,成人の健康と生活,成人における健康の保持・増進と疾病の予防,健康行動の促進,9999,0,3,0,42,0,17,0,34,0,20,0,39
139,成,急性・重症患者の看護,中毒,金属中毒,9999,0,3,0,42,0,17,0,34,0,20,0,39
141,成,急性・重症患者の看護,中毒,その他の中毒,9999,0,3,0,42,0,17,0,34,0,20,0,39
989,社,統計,感染症に関する統計,結核,9999,0,25,0,90,0,38,0,81,0,13,0,68
1050,社,社会福祉,その他の福祉,母子及び父子並びに寡婦福祉法,9999,0,25,0,90,0,38,0,81,0,13,0,68
585,K,運動器疾患,変形性関節症,変形性関節症総論,9999,0,14,0,22,0,4,0,19,0,9,0,14
848,母,分娩,異常分娩,臍帯の異常,9999,0,22,0,47,0,9,0,35,0,29,0,44
716,老,老年期の主要症候,老年症候群,高齢者の睡眠障害,9999,0,20,0,25,0,8,0,24,0,9,0,24
78,基,基本的日常生活援助技術,排泄の援助,自然な排尿・排便を促す援助,9999,0,2,0,64,0,48,0,58,0,20,0,60
144,成,急性・重症患者の看護,その他の異物・外傷・主要病態,誤飲／誤食,9999,0,3,0,42,0,17,0,34,0,20,0,39
149,成,急性・重症患者の看護,その他の異物・外傷・主要病態,溺水,9999,0,3,0,42,0,17,0,34,0,20,0,39
150,成,急性・重症患者の看護,その他の異物・外傷・主要病態,凍傷,9999,0,3,0,42,0,17,0,34,0,20,0,39
157,成,疾患・障害への適応と社会復帰への看護,入院時の看護,入院時の看護,9999,0,3,0,42,0,17,0,34,0,20,0,39
158,成,疾患・障害への適応と社会復帰への看護,慢性疾患看護,慢性疾患看護総論,9999,0,3,0,42,0,17,0,34,0,20,0,39
163,成,がん看護,がんと主な治療,がんの予防,9999,0,3,0,42,0,17,0,34,0,20,0,39
202,A,消化管疾患,食道疾患,食道裂孔ヘルニア,9999,0,4,0,28,0,12,0,22,0,8,0,21
204,A,消化管疾患,胃・十二指腸疾患,急性胃粘膜病変（AGML）,9999,0,4,0,28,0,12,0,22,0,8,0,21
242,B,肝・胆・膵疾患,その他の肝疾患,原発性胆汁性胆管炎（PBC）,9999,0,5,0,23,0,10,0,16,0,11,0,19
245,B,肝・胆・膵疾患,胆疾患,胆道癌,9999,0,5,0,23,0,10,0,16,0,11,0,19
281,C,循環器疾患,先天性心疾患,完全大血管転位症（complete TGA）,9999,0,6,0,27,0,11,0,24,0,7,0,22
282,C,循環器疾患,先天性心疾患,動脈管開存症（PDA）,9999,0,6,0,27,0,11,0,24,0,7,0,22
375,E,腎・泌尿器疾患,男性生殖器の異常,性交障害,9999,0,8,0,31,0,9,0,24,0,15,0,22
404,G,血液・造血器の主要症候・検査・治療,血液・造血器の主要症候,白血球増加症,9999,0,10,0,17,0,6,0,14,0,5,0,14
405,G,血液・造血器の主要症候・検査・治療,血液・造血器の主要症候,赤血球増加症,9999,0,10,0,17,0,6,0,14,0,5,0,14
449,H,細菌感染症,グラム陰性桿菌,チフス菌／パラチフス菌,9999,0,11,0,15,0,5,0,11,0,4,0,13
461,H,ウイルス・真菌感染症,ウイルス感染症,伝染性単核球症,9999,0,11,0,15,0,5,0,11,0,4,0,13
487,I,呼吸器疾患の治療,呼吸器疾患の非薬物療法,開胸術,9999,0,12,0,28,0,10,0,17,0,16,0,19
498,I,呼吸器疾患,間質性肺疾患,じん肺,9999,0,12,0,28,0,10,0,17,0,16,0,19
626,M,耳鼻咽喉の検査,耳の検査,平衡機能検査,9999,0,16,0,18,0,1,0,17,0,4,0,11
627,M,耳鼻咽喉の検査,鼻の検査,鼻鏡・鼻腔内視鏡・嗅覚検査,9999,0,16,0,18,0,1,0,17,0,4,0,11
633,M,耳鼻咽喉疾患,鼻の疾患,上顎癌,9999,0,16,0,18,0,1,0,17,0,4,0,11
652,O,皮膚の症候・検査,皮膚の検査,皮膚生検（バイオプシー）,9999,0,18,0,8,0,1,0,8,0,2,0,3
654,O,皮膚疾患の治療,非薬物療法,その他の治療／皮膚のケア,9999,0,18,0,8,0,1,0,8,0,2,0,3
664,O,皮膚疾患,皮膚の悪性腫瘍,皮膚の悪性腫瘍,9999,0,18,0,8,0,1,0,8,0,2,0,3
677,P,女性生殖器疾患,女性のライフサイクルの変化,思春期の異常,9999,0,19,0,17,0,3,0,15,0,6,0,13
709,老,高齢者の看護,排泄の援助,高齢者の排泄援助,9999,0,20,0,25,0,8,0,24,0,9,0,24
717,老,老年期の主要症候,老年症候群,高齢者のせん妄,9999,0,20,0,25,0,8,0,24,0,9,0,24
724,老,老年期疾患,老年期疾患の特徴,高齢者の脳・神経疾患の特徴,9999,0,20,0,25,0,8,0,24,0,9,0,24
764,小,小児看護,入院中の小児の看護,小児の感染対策,9999,0,21,0,47,0,10,0,28,0,28,0,40
777,小,小児疾患,小児の代謝疾患,新生児マススクリーニング,9999,0,21,0,47,0,10,0,28,0,28,0,40
819,母,妊娠,妊娠中の検査,エックス線骨盤測定,9999,0,22,0,47,0,9,0,35,0,29,0,44
882,精,精神看護,精神看護,患者の権利擁護,9999,0,23,0,32,0,5,0,27,0,22,0,30
893,精,精神科の主要症状,精神科の主要症状,無為／自閉,9999,0,23,0,32,0,5,0,27,0,22,0,30
940,在,在宅における看護の実際,状態別看護,寝たきりの在宅療養者,9999,0,24,0,19,0,3,0,18,0,14,0,17
990,社,統計,感染症に関する統計,HIV／エイズ,9999,0,25,0,90,0,38,0,81,0,13,0,68
1042,社,社会福祉,障害者福祉,身体障害者福祉法,9999,0,25,0,90,0,38,0,81,0,13,0,68
1043,社,社会福祉,障害者福祉,知的障害者福祉法,9999,0,25,0,90,0,38,0,81,0,13,0,68
1044,社,社会福祉,障害者福祉,発達障害者支援法,9999,0,25,0,90,0,38,0,81,0,13,0,68
1045,社,社会福祉,障害者福祉,障害者虐待防止法,9999,0,25,0,90,0,38,0,81,0,13,0,68
1046,社,社会福祉,障害者福祉,障害者雇用促進法,9999,0,25,0,90,0,38,0,81,0,13,0,68
1047,社,社会福祉,障害者福祉,障害者差別解消法,9999,0,25,0,90,0,38,0,81,0,13,0,68
1062,社,関係法規,その他の関係法規,医療介護総合確保推進法,9999,0,25,0,90,0,38,0,81,0,13,0,68
1066,社,関係法規,その他の関係法規,診療情報の提供等に関する指針,9999,0,25,0,90,0,38,0,81,0,13,0,68
1067,社,関係法規,その他の関係法規,個人情報保護法,9999,0,25,0,90,0,38,0,81,0,13,0,68